,crn,course,enrollment,meeting,days,dept
0,13587,AFR 105 - 01,24,12:45 PM - 3:25 PM,T,AFR
1,15568,AFR 201 - 01,8,6:30 PM - 9:10 PM,M,AFR
2,15753,AFR 215 - 01,16,9:55 AM - 11:10 AM,MR,AFR
3,15071-15207,AFR 242 - 01,30,9:55 AM - 11:10 AM,TF,AFR
4,15570-15571,AFR 264 - 01,19,9:55 AM - 11:10 AM,TF,AFR
5,15827-15828,AFR 295 - 01,28,2:20 PM - 3:35 PM,MR,AFR
6,15075,AFR 341 - 01,15,12:45 PM - 3:25 PM,F,AFR
7,10596,AMST 101 - 01,21,9:55 AM - 11:10 AM,MR,AMST
8,15572-15573,AMST 117 - 01,49,8:30 AM - 9:45 AM,MR,AMST
9,14208,AMST 151 - 01,23,2:20 PM - 3:35 PM,MR,AMST
10,15076,AMST 152 - 01,26,11:20 AM - 12:35 PM,MR,AMST
11,15077,AMST 161 - 01,10,12:45 PM - 2:00 PM,TF,AMST
12,14740-14741,AMST 225 - 01,24,2:10 PM - 3:25 PM,TF,AMST
13,15574-15575,AMST 228 - 01,21,9:55 AM - 11:10 AM,TF,AMST
14,15576-15577,AMST 246 - 01,21,11:20 AM - 12:35 PM,MR,AMST
15,15009-15010,AMST 258 - 01,11,12:45 PM - 2:00 PM,TF,AMST
16,15760,AMST 264 - 01,20,9:55 AM - 12:35 PM,T,AMST
17,15578-15579,AMST 274 - 01,26,12:45 PM - 3:25 PM,T,AMST
18,14461,AMST 355 - 01,14,1:30 PM - 4:10 PM,W,AMST
19,14448,ANTH 101 - 01,36,11:20 AM - 12:35 PM,MR,ANTH
20,14465-15112,ANTH 103 - 01,27,9:55 AM - 11:10 AM,TF,ANTH
21,15580,ANTH 217 - 01,8,6:30 PM - 9:10 PM,W,ANTH
22,15581-15582,ANTH 232 - 01,16,6:30 PM - 9:10 PM,R,ANTH
23,15839,ANTH 237 - 01,7,11:20 AM - 12:35 PM,TF,ANTH
24,15292,ANTH 246 - 01,6,2:10 PM - 3:25 PM,TF,ANTH
25,15584-15585,ANTH 265 - 01,22,9:55 AM - 11:10 AM,MR,ANTH
26,15754-15759,ANTH 277 - 01,15,1:30 PM - 4:10 PM,W,ANTH
27,12255,ANTH 301 - 01,8,2:10 PM - 4:50 PM,T,ANTH
28,15586,ANTH 346 - 01,16,2:20 PM - 5:00 PM,M,ANTH
29,11049,ARAB 101 - 01,16,8:30 AM - 9:45 AM 8:30 AM - 9:20 AM,MTR W,ARAB
30,11362,ARAB 101 - 02,13,9:55 AM - 11:10 AM 9:30 AM - 10:20 AM,MTR W,ARAB
31,11050,ARAB 201 - 01,13,8:30 AM - 9:45 AM 8:30 AM - 9:20 AM,MR W,ARAB
32,11888,ARAB 201 - 02,14,9:55 AM - 11:10 AM 9:30 AM - 10:20 AM,MR W,ARAB
33,13971,ARAB 301 - 01,9,11:20 AM - 12:35 PM,MR,ARAB
34,13246,ARTH 100 - 01,19,2:20 PM - 3:35 PM,MR,ARTH
35,10171,ARTH 100 - 02,21,11:20 AM - 12:35 PM,TF,ARTH
36,13840,ARTH 100 - 03,18,2:10 PM - 3:25 PM,TF,ARTH
37,15800,ARTH 110Y - 01,8,2:20 PM - 5:00 PM,M,ARTH
38,15774-15836,ARTH 112Y - 01,10,1:30 PM - 4:10 PM,W,ARTH
39,15803,ARTH 224 - 01,24,11:20 AM - 12:35 PM,MR,ARTH
40,15775,ARTH 227 - 01,16,9:55 AM - 11:10 AM,MR,ARTH
41,15746,ARTH 228 - 01,25,12:45 PM - 3:25 PM,T,ARTH
42,15589,ARTH 243 - 01,12,11:20 AM - 12:35 PM,TF,ARTH
43,15590,ARTH 255 - 01,19,8:30 AM - 9:45 AM,TF,ARTH
44,15570-15571,ARTH 264 - 01,19,9:55 AM - 11:10 AM,TF,ARTH
45,15776,ARTH 310 - 01,7,1:30 PM - 4:10 PM,W,ARTH
46,15591,ARTH 312 - 01,10,2:20 PM - 5:00 PM,R,ARTH
47,14479,ARTH 318 - 01,4,9:30 AM - 12:10 PM,W,ARTH
48,15773,ARTH 328 - 01,10,9:55 AM - 12:35 PM,R,ARTH
49,15777,ARTH 347 - 01,11,9:30 AM - 12:10 PM,W,ARTH
50,15592-15593,ARTH 373 - 01,18,12:45 PM - 3:25 PM,F,ARTH
51,13982,ARTS 105 - 01,18,9:55 AM - 12:35 PM,MR,ARTS
52,10413,ARTS 105 - 02,19,2:20 PM - 5:00 PM,MR,ARTS
53,10162-11412,ARTS 108 - 01,14,9:55 AM - 12:35 PM,TF,ARTS
54,15747,ARTS 112 - 01,12,9:55 AM - 12:35 PM,MR,ARTS
55,11256,ARTS 113 - 01,18,9:55 AM - 12:35 PM,TF,ARTS
56,10121-11411,ARTS 165 - 01,16,2:20 PM - 5:00 PM,MR,ARTS
57,10617,ARTS 207 - 01,12,1:30 PM - 4:10 PM,TF,ARTS
58,13654-13655,ARTS 208 - 01,9,1:30 PM - 4:10 PM,TF,ARTS
59,11430,ARTS 218 - 01,9,2:20 PM - 5:00 PM,MR,ARTS
60,15594-15595,ARTS 221 - 01,18,9:55 AM - 12:35 PM,TF,ARTS
61,15596,ARTS 223 - 01,12,9:55 AM - 12:35 PM,MR,ARTS
62,15597-15598,ARTS 260 - 01,14,1:30 PM - 4:10 PM,TF,ARTS
63,15097-15105,ARTS 265 - 01,13,6:00 PM - 8:40 PM,MW,ARTS
64,14420,ARTS 317 - 01,17,1:30 PM - 4:10 PM,F,ARTS
65,15599-15600,ARTS 336 - 01,21,2:20 PM - 5:00 PM,MR,ARTS
66,10776,ASTR 100 - 01,34,11:20 AM - 12:35 PM,TF,ASTR
67,15018,ASTR 107 - 01,25,12:45 PM - 2:00 PM,TF,ASTR
68,15019,ASTR 107 - L01,13,2:30 PM - 4:30 PM,M,ASTR
69,15288,ASTR 107 - L02,12,2:30 PM - 4:30 PM,T,ASTR
70,15774-15836,ASTR 112Y - 01,10,1:30 PM - 4:10 PM,W,ASTR
71,13131,ASTR 206 - 01,8,11:20 AM - 12:35 PM,MR,ASTR
72,10211-12268,BIOC 219 - 01,60,8:30 AM - 9:45 AM,TF,BIOC
73,10251-12269,BIOC 219 - L01,12,1:45 PM - 5:15 PM,M,BIOC
74,10228-12270,BIOC 219 - L02,12,12:45 PM - 4:15 PM,T,BIOC
75,10245-12271,BIOC 219 - L03,12,1:00 PM - 4:30 PM,W,BIOC
76,10217-12272,BIOC 219 - L04,12,2:20 PM - 5:50 PM,R,BIOC
77,10242-12273,BIOC 219 - L05,12,12:45 PM - 4:15 PM,F,BIOC
78,14489-14494,BIOC 223 - 01,22,8:30 AM - 9:45 AM 8:30 AM - 9:20 AM,MR W,BIOC
79,14490-14495,BIOC 223 - L01,11,1:50 PM - 5:20 PM,M,BIOC
80,15826-15831,BIOC 223 - L02,11,1:05 PM - 4:35 PM,T,BIOC
81,14735-15102,BIOC 227 - 01,16,2:10 PM - 3:25 PM 3:30 PM - 4:20 PM,TF W,BIOC
82,13134-13139,BIOC 323 - 01,11,2:20 PM - 5:00 PM,M,BIOC
83,15856,BISC 103Y - 01,11,8:30 AM - 9:45 AM,MR,BISC
84,10244,BISC 109 - 01,28,9:55 AM - 11:10 AM,MR,BISC
85,10219,BISC 109 - L01,14,2:20 PM - 5:50 PM,R,BISC
86,10259,BISC 109 - L02,14,12:45 PM - 4:15 PM,F,BISC
87,10521,BISC 110 - 01,31,11:20 AM - 12:35 PM,MR,BISC
88,10524,BISC 110 - 02,33,9:55 AM - 11:10 AM,TF,BISC
89,15864,BISC 110L - L01,16,1:45 PM - 5:15 PM,M,BISC
90,15865,BISC 110L - L02,16,12:45 PM - 4:15 PM,T,BISC
91,15866,BISC 110L - L03,16,8:30 AM - 12:00 PM,W,BISC
92,15867,BISC 110L - L04,16,1:00 PM - 4:30 PM,W,BISC
93,15868,BISC 110L - L05,13,12:45 PM - 4:15 PM,F,BISC
94,10207,BISC 111 - 01,28,8:30 AM - 9:45 AM,MR,BISC
95,10261,BISC 111 - 02,31,8:30 AM - 9:45 AM,TF,BISC
96,15869,BISC 111L - L01,11,1:45 PM - 5:15 PM,M,BISC
97,15870,BISC 111L - L02,15,12:45 PM - 4:15 PM,T,BISC
98,15871,BISC 111L - L03,16,8:30 AM - 12:00 PM,W,BISC
99,15872,BISC 111L - L04,16,1:00 PM - 4:30 PM,W,BISC
100,15873,BISC 111L - L05,11,12:45 PM - 4:15 PM,F,BISC
101,11628,BISC 112 - 01,13,11:20 AM - 12:35 PM,R,BISC
102,14702,BISC 112Y - 01,14,11:20 AM - 12:35 PM,M,BISC
103,14703,BISC 112Y - L01,14,2:20 PM - 5:50 PM,R,BISC
104,15806,BISC 113 - 01,10,11:20 AM - 12:35 PM,R,BISC
105,14704,BISC 113Y - 01,7,11:20 AM - 12:35 PM,M,BISC
106,14705,BISC 113Y - L01,7,2:20 PM - 5:50 PM,R,BISC
107,14165,BISC 116 - 01,32,9:55 AM - 11:10 AM,MR,BISC
108,14167,BISC 116 - L01,16,8:30 AM - 12:00 PM,W,BISC
109,14168,BISC 116 - L02,16,1:00 PM - 4:30 PM,W,BISC
110,10227,BISC 201 - 01,25,9:55 AM - 11:10 AM,MR,BISC
111,10257,BISC 201 - L01,13,1:45 PM - 5:15 PM,M,BISC
112,14652,BISC 201 - L02,12,12:45 PM - 4:15 PM,T,BISC
113,10250,BISC 203 - 01,22,9:55 AM - 11:10 AM,TF,BISC
114,10233,BISC 203 - L01,9,1:45 PM - 5:15 PM,M,BISC
115,10221,BISC 203 - L02,6,12:45 PM - 4:15 PM,T,BISC
116,11429,BISC 203 - L03,7,1:00 PM - 4:30 PM,W,BISC
117,12628,BISC 209 - 01,18,8:30 AM - 9:45 AM,MR,BISC
118,12629,BISC 209 - L01,9,12:45 PM - 4:15 PM,T,BISC
119,12630,BISC 209 - L02,9,1:00 PM - 4:30 PM,W,BISC
120,15601,BISC 210 - 01,13,11:20 AM - 12:35 PM,TF,BISC
121,15602,BISC 210 - L01,13,1:30 PM - 5:00 PM,F,BISC
122,10211-12268,BISC 219 - 01,60,8:30 AM - 9:45 AM,TF,BISC
123,10251-12269,BISC 219 - L01,12,1:45 PM - 5:15 PM,M,BISC
124,10228-12270,BISC 219 - L02,12,12:45 PM - 4:15 PM,T,BISC
125,10245-12271,BISC 219 - L03,12,1:00 PM - 4:30 PM,W,BISC
126,10217-12272,BISC 219 - L04,12,2:20 PM - 5:50 PM,R,BISC
127,10242-12273,BISC 219 - L05,12,12:45 PM - 4:15 PM,F,BISC
128,15603-15605,BISC 247 - 01,10,8:30 AM - 9:45 AM,TF,BISC
129,15604-15606,BISC 247 - L01,10,8:30 AM - 12:00 PM,W,BISC
130,15607,BISC 311 - 01,9,9:55 AM - 11:10 AM,TF,BISC
131,15608,BISC 311 - L01,9,2:20 PM - 5:50 PM,R,BISC
132,15609-15702,BISC 315 - 01,6,9:55 AM - 11:10 AM,TF,BISC
133,15610-15703,BISC 315 - L01,6,12:45 PM - 4:15 PM,T,BISC
134,13331,BISC 316 - 01,6,11:20 AM - 12:35 PM,TF,BISC
135,13332,BISC 316 - L01,6,12:45 PM - 4:15 PM,T,BISC
136,15611-15612,BISC 327 - 01,15,2:10 PM - 4:50 PM,T,BISC
137,15613,BISC 328 - 01,9,1:30 PM - 4:10 PM,W,BISC
138,11274,BISC 334 - 01,12,9:30 AM - 12:10 PM,W,BISC
139,15614,BISC 340 - 01,11,1:30 PM - 4:10 PM,W,BISC
140,15615-15617,BISC 347 - 01,4,8:30 AM - 9:45 AM,TF,BISC
141,15616-15618,BISC 347 - L01,4,8:30 AM - 12:00 PM,W,BISC
142,15619,BISC 348 - 01,13,1:45 PM - 4:25 PM,M,BISC
143,11578,CAMS 101 - 01,27,11:20 AM - 12:35 PM 6:30 PM - 9:10 PM,MR T,CAMS
144,10121-11411,CAMS 135 - 01,16,2:20 PM - 5:00 PM,MR,CAMS
145,10162-11412,CAMS 138 - 01,14,9:55 AM - 12:35 PM,TF,CAMS
146,15620,CAMS 201 - 01,10,2:20 PM - 3:35 PM 6:30 PM - 9:10 PM,MR W,CAMS
147,15621-15622,CAMS 208 - 01,17,1:30 PM - 4:10 PM,W,CAMS
148,15838,CAMS 222 - 01,10,6:30 PM - 9:15 PM 11:20 AM - 12:35 PM,T TF,CAMS
149,15597-15598,CAMS 230 - 01,14,1:30 PM - 4:10 PM,TF,CAMS
150,15581-15582,CAMS 232 - 01,16,6:30 PM - 9:10 PM,R,CAMS
151,12644-12645,CAMS 234 - 01,16,3:45 PM - 6:25 PM,R,CAMS
152,15097-15105,CAMS 235 - 01,13,6:00 PM - 8:40 PM,MW,CAMS
153,13654-13655,CAMS 238 - 01,9,1:30 PM - 4:10 PM,TF,CAMS
154,15594-15595,CAMS 239 - 01,18,9:55 AM - 12:35 PM,TF,CAMS
155,14048-14511,CAMS 240 - 01,25,12:30 PM - 3:10 PM,W,CAMS
156,15657-15830,CAMS 300 - 01,9,11:20 AM - 12:35 PM,MR,CAMS
157,15755,CAMS 324 - 01,8,6:30 PM - 9:30 PM 3:30 PM - 4:45 PM,M W,CAMS
158,15778,CHEM 104Y - 01,14,2:20 PM - 3:35 PM,MR,CHEM
159,11003,CHEM 105 - 01,52,8:30 AM - 9:45 AM 8:30 AM - 9:20 AM,MR W,CHEM
160,11005,CHEM 105 - 03,28,11:20 AM - 12:35 PM 11:30 AM - 12:20 PM,MR W,CHEM
161,11006,CHEM 105 - L01,12,1:50 PM - 5:20 PM,M,CHEM
162,11007,CHEM 105 - L02,11,9:00 AM - 12:30 PM,T,CHEM
163,11008,CHEM 105 - L03,13,1:05 PM - 4:35 PM,T,CHEM
164,11009,CHEM 105 - L04,10,1:30 PM - 5:00 PM,W,CHEM
165,11010,CHEM 105 - L05,13,2:20 PM - 5:50 PM,R,CHEM
166,15336,CHEM 105 - L06,9,9:00 AM - 12:30 PM,F,CHEM
167,15809,CHEM 105 - L07,12,1:05 PM - 4:35 PM,F,CHEM
168,11980,CHEM 105P - 01,11,11:20 AM - 12:35 PM 12:45 PM - 2:00 PM 12:30 PM - 1:20 PM,MR TF W,CHEM
169,12005,CHEM 105P - L01,11,9:00 AM - 12:30 PM,T,CHEM
170,14169,CHEM 116 - 01,32,12:45 PM - 2:45 PM 9:55 AM - 11:10 AM,F TF,CHEM
171,10063,CHEM 120 - 01,29,6:30 PM - 7:45 PM 8:30 AM - 9:45 AM,MW TF,CHEM
172,10011,CHEM 120 - L01,16,1:50 PM - 5:20 PM,M,CHEM
173,10108,CHEM 120 - L02,13,1:05 PM - 4:35 PM,T,CHEM
174,11126,CHEM 205 - 01,24,9:55 AM - 11:10 AM 9:30 AM - 10:20 AM,MR W,CHEM
175,11127,CHEM 205 - L01,10,2:20 PM - 5:50 PM,R,CHEM
176,11128,CHEM 205 - L02,6,9:00 AM - 12:30 PM,F,CHEM
177,11259,CHEM 205 - L03,8,1:05 PM - 4:35 PM,F,CHEM
178,10087,CHEM 211 - 01,27,8:30 AM - 9:45 AM 8:30 AM - 9:20 AM,TF W,CHEM
179,10114,CHEM 211 - 02,30,9:55 AM - 11:10 AM 10:30 AM - 11:20 AM,TF W,CHEM
180,11316,CHEM 211 - 03,28,11:20 AM - 12:35 PM 12:30 PM - 1:20 PM,TF W,CHEM
181,10025,CHEM 211 - L01,9,9:00 AM - 12:30 PM,M,CHEM
182,10050,CHEM 211 - L02,14,1:50 PM - 5:20 PM,M,CHEM
183,10106,CHEM 211 - L03,13,1:05 PM - 4:35 PM,T,CHEM
184,10053,CHEM 211 - L04,14,1:30 PM - 5:00 PM,W,CHEM
185,10049,CHEM 211 - L05,8,9:00 AM - 12:30 PM,R,CHEM
186,10415,CHEM 211 - L06,14,2:20 PM - 5:50 PM,R,CHEM
187,13844,CHEM 211 - L07,13,1:05 PM - 4:35 PM,F,CHEM
188,11129,CHEM 212 - 01,19,8:30 AM - 9:45 AM 8:30 AM - 9:20 AM,MR W,CHEM
189,11131,CHEM 212 - L01,6,1:05 PM - 4:35 PM,T,CHEM
190,11132,CHEM 212 - L02,13,1:30 PM - 5:00 PM,W,CHEM
191,14489-14494,CHEM 223 - 01,22,8:30 AM - 9:45 AM 8:30 AM - 9:20 AM,MR W,CHEM
192,14490-14495,CHEM 223 - L01,11,1:50 PM - 5:20 PM,M,CHEM
193,15826-15831,CHEM 223 - L02,11,1:05 PM - 4:35 PM,T,CHEM
194,14735-15102,CHEM 227 - 01,16,2:10 PM - 3:25 PM 3:30 PM - 4:20 PM,TF W,CHEM
195,15821-15829,CHEM 302 - 01,11,12:45 PM - 3:25 PM,T,CHEM
196,13134-13139,CHEM 323 - 01,11,2:20 PM - 5:00 PM,M,CHEM
197,12222,CHEM 330 - 01,22,9:55 AM - 11:10 AM 10:30 AM - 11:20 AM,TF W,CHEM
198,12241,CHEM 330 - L01,7,1:30 PM - 5:00 PM,W,CHEM
199,12242,CHEM 330 - L02,8,2:20 PM - 5:50 PM,R,CHEM
200,12290,CHEM 330 - L03,7,1:05 PM - 4:35 PM,F,CHEM
201,13850,CHEM 330X - 01,0,9:55 AM - 11:10 AM 10:30 AM - 11:20 AM,TF W,CHEM
202,10611,CHEM 361 - 01,12,2:20 PM - 5:50 PM,MR,CHEM
203,13761,CHEM 361 - 02,11,1:05 PM - 4:35 PM,TF,CHEM
204,10512,CHIN 101 - 01,8,8:30 AM - 9:45 AM,MTRF,CHIN
205,10513,CHIN 101 - 02,10,9:55 AM - 11:10 AM,MTRF,CHIN
206,11406,CHIN 103 - 01,8,2:20 PM - 3:35 PM 2:30 PM - 3:20 PM,MR W,CHIN
207,10514,CHIN 201 - 01,14,11:20 AM - 12:35 PM,MTRF,CHIN
208,10515,CHIN 201 - 02,9,2:20 PM - 3:35 PM 2:10 PM - 3:25 PM,MR TF,CHIN
209,10520,CHIN 203 - 01,13,9:55 AM - 11:10 AM 9:30 AM - 10:20 AM,MR W,CHIN
210,15635,CHIN 208 - 01,13,3:45 PM - 5:00 PM,MR,CHIN
211,15779,CHIN 233 - 01,10,1:30 PM - 4:10 PM,W,CHIN
212,10154,CHIN 301 - 01,14,11:20 AM - 12:35 PM 11:30 AM - 12:20 PM,MR W,CHIN
213,10527,CHIN 306 - 01,10,11:20 AM - 12:35 PM,MR,CHIN
214,15813,CHIN 333 - 01,7,1:30 PM - 4:10 PM,W,CHIN
215,14465-15112,CLCV 103 - 01,27,9:55 AM - 11:10 AM,TF,CLCV
216,15624,CLCV 202 - 01,8,9:55 AM - 11:10 AM,TF,CLCV
217,15625,CLCV 241 - 01,20,11:20 AM - 12:35 PM,TF,CLCV
218,15592-15593,CLCV 373 - 01,18,12:45 PM - 3:25 PM,F,CLCV
219,15765-15766,CLSC 316 - 01,16,12:45 PM - 3:25 PM,T,CLSC
220,15628-15629,CPLT 180 - 01,19,2:10 PM - 3:25 PM,TF,CPLT
221,15118,CPLT 275 - 01,3,2:20 PM - 3:35 PM,MR,CPLT
222,15630,CPLT 284 - 01,32,11:20 AM - 12:35 PM,MR,CPLT
223,15120,CPLT 375 - 01,2,2:20 PM - 3:35 PM,MR,CPLT
224,10006,CS 111 - 01,31,11:20 AM - 12:35 PM,TF,CS
225,10042,CS 111 - 02,31,12:45 PM - 2:00 PM,TF,CS
226,12882,CS 111 - 03,31,2:10 PM - 3:25 PM,TF,CS
227,10508,CS 111 - L01,9,8:30 AM - 10:20 AM,W,CS
228,10509,CS 111 - L02,12,10:30 AM - 12:20 PM,W,CS
229,10510,CS 111 - L03,13,10:30 AM - 12:20 PM,W,CS
230,12086,CS 111 - L04,13,1:30 PM - 3:20 PM,W,CS
231,12772,CS 111 - L05,12,3:30 PM - 5:20 PM,W,CS
232,13303,CS 111 - L06,10,8:30 AM - 10:20 AM,R,CS
233,15280,CS 111 - L07,12,10:30 AM - 12:20 PM,R,CS
234,15796,CS 111 - L08,12,10:30 AM - 12:20 PM,R,CS
235,14175-14176,CS 115 - 01,30,8:30 AM - 9:45 AM,MR,CS
236,14181-14182,CS 115 - 02,28,9:55 AM - 11:10 AM,MR,CS
237,14197-14201,CS 115 - D01,15,8:30 AM - 9:45 AM,T,CS
238,14198-14202,CS 115 - D02,14,9:55 AM - 11:10 AM,T,CS
239,14199-14203,CS 115 - D03,14,12:45 PM - 2:00 PM,T,CS
240,14200-14204,CS 115 - D04,15,2:10 PM - 3:25 PM,T,CS
241,15631,CS 204 - 01,27,12:45 PM - 2:00 PM,TF,CS
242,14184,CS 220 - 01,22,9:55 AM - 11:10 AM,MR,CS
243,10062,CS 230 - 01,27,2:20 PM - 3:35 PM,MR,CS
244,12877,CS 230 - 02,26,11:20 AM - 12:35 PM,MR,CS
245,10788,CS 230 - L01,14,8:30 AM - 10:20 AM,W,CS
246,10789,CS 230 - L02,14,10:30 AM - 12:20 PM,W,CS
247,12299,CS 230 - L03,13,1:30 PM - 3:20 PM,W,CS
248,15284,CS 230 - L04,12,1:30 PM - 3:20 PM,W,CS
249,13153,CS 231 - 01,25,11:20 AM - 12:35 PM,MR,CS
250,15632,CS 234 - 01,23,2:20 PM - 3:35 PM,MR,CS
251,10859,CS 235 - 01,20,11:20 AM - 12:35 PM,TF,CS
252,13275,CS 240 - 01,15,8:30 AM - 9:45 AM,TF,CS
253,14191,CS 240 - 02,14,9:55 AM - 11:10 AM,TF,CS
254,10026,CS 240 - L01,8,9:55 AM - 12:55 PM,M,CS
255,10878,CS 240 - L02,11,1:30 PM - 4:30 PM,M,CS
256,14192,CS 240 - L03,10,5:15 PM - 8:15 PM,M,CS
257,13625,CS 251 - 01,22,2:10 PM - 3:25 PM,TF,CS
258,14187,CS 304 - 01,25,9:55 AM - 11:10 AM,TF,CS
259,15121,CS 305 - 01,18,11:20 AM - 12:35 PM,MR,CS
260,12670,CS 307 - 01,21,8:30 AM - 9:45 AM,MR,CS
261,15633,CS 313 - 01,18,9:55 AM - 11:10 AM,MR,CS
262,15764,CS 323 - 01,20,2:20 PM - 3:35 PM,MR,CS
263,15636,EALC 225 - 01,6,2:20 PM - 3:35 PM,MR,EALC
264,15637,EALC 325 - 01,5,2:20 PM - 3:35 PM,MR,EALC
265,10012,ECON 101 - 01,28,8:30 AM - 9:45 AM,MR,ECON
266,10088,ECON 101 - 02,28,11:20 AM - 12:35 PM,TF,ECON
267,13430,ECON 101 - 03,27,2:10 PM - 3:25 PM,TF,ECON
268,10947,ECON 101 - 04,30,9:55 AM - 11:10 AM 9:30 AM - 10:20 AM,MR W,ECON
269,13431,ECON 101 - 05,32,11:20 AM - 12:35 PM 11:30 AM - 12:20 PM,MR W,ECON
270,15791,ECON 101 - 06,21,12:45 PM - 2:00 PM 1:30 PM - 2:20 PM,TF W,ECON
271,10083,ECON 102 - 01,20,8:30 AM - 9:45 AM 8:30 AM - 9:20 AM,TF W,ECON
272,10033,ECON 102 - 02,26,9:55 AM - 11:10 AM 10:30 AM - 11:20 AM,TF W,ECON
273,14666,ECON 102 - 03,19,11:20 AM - 12:35 PM 12:30 PM - 1:20 PM,TF W,ECON
274,11148-12186,ECON 103 - 01,32,8:30 AM - 9:45 AM,TF,ECON
275,11312-11314,ECON 103 - 02,33,9:55 AM - 11:10 AM,TF,ECON
276,14660-14663,ECON 103 - 03,30,11:20 AM - 12:35 PM,MR,ECON
277,11165,ECON 201 - 01,26,2:20 PM - 3:35 PM 2:30 PM - 3:20 PM,MR W,ECON
278,10103,ECON 201 - 02,26,8:30 AM - 9:45 AM 8:30 AM - 9:20 AM,MR W,ECON
279,15266,ECON 201 - 03,25,9:55 AM - 11:10 AM 9:30 AM - 10:20 AM,MR W,ECON
280,10046,ECON 202 - 01,15,3:45 PM - 5:00 PM 3:30 PM - 4:45 PM,MR W,ECON
281,10111,ECON 202 - 02,27,8:30 AM - 9:45 AM 8:30 AM - 9:20 AM,MR W,ECON
282,11144,ECON 203 - 01,24,12:45 PM - 2:00 PM 1:30 PM - 2:20 PM,TF W,ECON
283,11262,ECON 203 - 02,23,2:10 PM - 3:25 PM 3:30 PM - 4:20 PM,TF W,ECON
284,15639,ECON 220 - 01,26,11:20 AM - 12:35 PM 11:30 AM - 12:20 PM,MR W,ECON
285,15295-15758,ECON 226 - 01,25,12:45 PM - 2:00 PM,TF,ECON
286,15640,ECON 229 - 01,21,11:20 AM - 12:35 PM,TF,ECON
287,15748-15749,ECON 241 - 01,23,2:20 PM - 3:35 PM,MR,ECON
288,15294,ECON 251H - 01,0,6:30 PM - 7:45 PM,M,ECON
289,15641,ECON 302 - 01,7,2:10 PM - 3:25 PM,TF,ECON
290,13810,ECON 306 - 01,16,2:10 PM - 4:50 PM,T,ECON
291,15642,ECON 313 - 01,11,8:30 AM - 9:45 AM 8:30 AM - 9:20 AM,TF W,ECON
292,15643,ECON 314 - 01,16,2:20 PM - 3:35 PM 2:30 PM - 3:20 PM,MR W,ECON
293,15644,ECON 323 - 01,19,9:55 AM - 11:10 AM,MR,ECON
294,13998,ECON 324 - 01,24,9:55 AM - 11:10 AM 10:30 AM - 11:20 AM,TF W,ECON
295,15130,ECON 334 - 01,11,11:20 AM - 12:35 PM,MR,ECON
296,11368,ECON 380 - 01,4,6:30 PM - 7:45 PM,T,ECON
297,14722-15756,EDUC 103Y - 01,16,11:20 AM - 12:35 PM,TF,EDUC
298,13662,EDUC 213 - 01,15,9:55 AM - 12:35 PM,R,EDUC
299,15034,EDUC 214 - 01,24,9:30 AM - 12:10 PM,W,EDUC
300,15132-15757,EDUC 215 - 01,23,12:45 PM - 3:25 PM,T,EDUC
301,15878-15879,EDUC 215 - 02,15,2:20 PM - 5:00 PM,M,EDUC
302,15645,EDUC 216 - 01,17,9:55 AM - 12:35 PM,M,EDUC
303,15295-15758,EDUC 226 - 01,25,12:45 PM - 2:00 PM,TF,EDUC
304,10143,EDUC 300 - 01,8,2:20 PM - 3:35 PM 2:20 PM - 5:00 PM,M R,EDUC
305,11257,EDUC 304 - 01,5,4:30 PM - 7:10 PM 2:10 PM - 3:25 PM,R T,EDUC
306,11344,EDUC 314 - 01,6,2:20 PM - 5:00 PM 3:30 PM - 6:10 PM,M W,EDUC
307,15821-15829,EDUC 317 - 01,11,12:45 PM - 3:25 PM,T,EDUC
308,12155,EDUC 325 - 01,12,12:30 PM - 3:10 PM,W,EDUC
309,15646,EDUC 335 - 01,11,9:55 AM - 12:35 PM,T,EDUC
310,15134,ENG 115 - 01,36,3:45 PM - 6:25 PM,M,ENG
311,15572-15573,ENG 117 - 01,49,8:30 AM - 9:45 AM,MR,ENG
312,15763,ENG 121 - 01,14,11:20 AM - 12:35 PM,MR,ENG
313,14707,ENG 150Y - 01,10,2:10 PM - 3:25 PM,TF,ENG
314,15628-15629,ENG 180 - 01,19,2:10 PM - 3:25 PM,TF,ENG
315,10132,ENG 202 - 01,16,3:45 PM - 5:00 PM,MR,ENG
316,10137,ENG 203 - 01,13,11:20 AM - 12:35 PM,TF,ENG
317,11617,ENG 203 - 02,16,9:55 AM - 11:10 AM,TF,ENG
318,12644-12645,ENG 204 - 01,16,3:45 PM - 6:25 PM,R,ENG
319,15621-15622,ENG 208 - 01,17,1:30 PM - 4:10 PM,W,ENG
320,14541,ENG 213 - 01,9,9:55 AM - 11:10 AM,MR,ENG
321,14001,ENG 223 - 01,25,11:20 AM - 12:35 PM,MR,ENG
322,13161,ENG 227 - 01,19,2:20 PM - 3:35 PM,MR,ENG
323,15762,ENG 249 - 01,23,11:20 AM - 12:35 PM,MR,ENG
324,15009-15010,ENG 258 - 01,11,12:45 PM - 2:00 PM,TF,ENG
325,14003,ENG 272 - 01,18,9:55 AM - 11:10 AM,TF,ENG
326,15136,ENG 275 - 01,1,2:20 PM - 3:35 PM,MR,ENG
327,15827-15828,ENG 295 - 01,28,2:20 PM - 3:35 PM,MR,ENG
328,15648,ENG 302 - 01,10,3:30 PM - 6:10 PM,W,ENG
329,15768,ENG 324 - 01,10,9:55 AM - 11:10 AM,TF,ENG
330,15649,ENG 345 - 01,11,11:20 AM - 12:35 PM,TF,ENG
331,15143,ENG 375 - 01,5,2:20 PM - 3:35 PM,MR,ENG
332,13671,ENG 382 - 01,15,2:10 PM - 3:25 PM,TF,ENG
333,15041,ENG 387 - 01,13,12:45 PM - 2:00 PM,TF,ENG
334,15144,ENG 388 - 01,22,6:00 PM - 8:40 PM,W,ENG
335,13831,ENGR 111 - 01,16,8:30 AM - 11:10 AM,WF,ENGR
336,15663,ENGR 120 - 01,13,12:45 PM - 3:25 PM,TF,ENGR
337,15043,ES 100 - 01,30,2:10 PM - 3:25 PM 2:30 PM - 5:00 PM,F W,ES
338,14547,ES 102 - 01,24,9:55 AM - 11:10 AM,TF,ES
339,15650,ES 104Y - 01,16,8:30 AM - 9:45 AM,MR,ES
340,15651-15652,ES 105Y - 01,16,9:30 AM - 12:10 PM,W,ES
341,15659-15661,ES 201 - 01,15,9:55 AM - 11:10 AM,MR,ES
342,15660-15662,ES 201 - L01,7,1:30 PM - 4:30 PM,W,ES
343,15833-15834,ES 201 - L02,8,2:20 PM - 5:20 PM,R,ES
344,11284-11285,ES 214 - 01,27,11:20 AM - 12:35 PM,MR,ES
345,15706-15707,ES 233 - 01,33,8:30 AM - 9:45 AM,MR,ES
346,15603-15605,ES 247 - 01,10,8:30 AM - 9:45 AM,TF,ES
347,15604-15606,ES 247 - L01,10,8:30 AM - 12:00 PM,W,ES
348,15584-15585,ES 265 - 01,22,9:55 AM - 11:10 AM,MR,ES
349,15145-15174,ES 299 - 01,17,12:45 PM - 2:00 PM,TF,ES
350,15611-15612,ES 327 - 01,15,2:10 PM - 4:50 PM,T,ES
351,15615-15617,ES 347 - 01,4,8:30 AM - 9:45 AM,TF,ES
352,15616-15618,ES 347 - L01,4,8:30 AM - 12:00 PM,W,ES
353,15044,ES 398 - 01,5,9:55 AM - 11:10 AM,TF,ES
354,15148,EXTD 123 - 01,2,5:30 PM - 8:30 PM,R,EXTD
355,10054,FREN 101 - 01,16,9:55 AM - 11:10 AM 10:30 AM - 11:20 AM,TF W,FREN
356,10116,FREN 101 - 02,18,9:55 AM - 11:10 AM 10:30 AM - 11:20 AM,MR W,FREN
357,10008,FREN 201 - 01,14,12:45 PM - 2:00 PM 1:30 PM - 2:20 PM,TF W,FREN
358,10051,FREN 201 - 02,18,11:20 AM - 12:35 PM 11:30 AM - 12:20 PM,MR W,FREN
359,15269,FREN 201 - 03,10,3:45 PM - 5:00 PM 3:30 PM - 4:20 PM,MR W,FREN
360,15653,FREN 202 - 01,15,8:30 AM - 9:45 AM 8:30 AM - 9:20 AM,TF W,FREN
361,11167,FREN 205 - 01,11,11:20 AM - 12:35 PM,TF,FREN
362,10039,FREN 206 - 01,9,12:45 PM - 2:00 PM,TF,FREN
363,10081,FREN 206 - 02,10,2:10 PM - 3:25 PM,TF,FREN
364,14550,FREN 207 - 01,10,2:20 PM - 3:35 PM,MR,FREN
365,12697,FREN 209 - 01,12,9:55 AM - 11:10 AM,MR,FREN
366,15654,FREN 212 - 01,15,3:45 PM - 5:00 PM,MR,FREN
367,15655,FREN 218 - 01,12,11:20 AM - 12:35 PM,TF,FREN
368,15656,FREN 229 - 01,9,9:55 AM - 11:10 AM,TF,FREN
369,15657-15830,FREN 300 - 01,9,11:20 AM - 12:35 PM,MR,FREN
370,15658,FREN 306 - 01,5,2:20 PM - 3:35 PM,MR,FREN
371,12193,GEOS 102 - 01,31,9:55 AM - 11:10 AM,MR,GEOS
372,15270,GEOS 102 - 02,29,9:55 AM - 11:10 AM,TF,GEOS
373,12191,GEOS 102 - L01,13,1:00 PM - 4:00 PM,M,GEOS
374,12196,GEOS 102 - L02,12,1:00 PM - 4:00 PM,T,GEOS
375,15271,GEOS 102 - L03,12,9:00 AM - 12:00 PM,W,GEOS
376,15272,GEOS 102 - L04,11,1:30 PM - 4:30 PM,W,GEOS
377,15273,GEOS 102 - L05,12,2:20 PM - 5:20 PM,R,GEOS
378,15659-15661,GEOS 201 - 01,15,9:55 AM - 11:10 AM,MR,GEOS
379,15660-15662,GEOS 201 - L01,7,1:30 PM - 4:30 PM,W,GEOS
380,15833-15834,GEOS 201 - L02,8,2:20 PM - 5:20 PM,R,GEOS
381,14554,GEOS 203 - 01,8,8:30 AM - 11:10 AM,TF,GEOS
382,15664,GEOS 218 - 01,6,11:20 AM - 12:35 PM,MR,GEOS
383,15665,GEOS 218 - L01,6,1:00 PM - 4:00 PM,M,GEOS
384,10156,GER 101 - 01,13,9:55 AM - 11:10 AM 10:30 AM - 11:20 AM,TF W,GER
385,10153,GER 101 - 02,11,11:20 AM - 12:35 PM 12:30 PM - 1:20 PM,TF W,GER
386,10138,GER 201 - 01,9,9:55 AM - 11:10 AM 9:30 AM - 10:20 AM,MR W,GER
387,11164,GER 201 - 02,15,11:20 AM - 12:35 PM 11:30 AM - 12:20 PM,MR W,GER
388,15666,GER 231 - 01,9,8:30 AM - 9:45 AM,MR,GER
389,15667,GER 386 - 01,4,1:30 PM - 4:10 PM,W,GER
390,10194,GRK 101 - 01,9,9:55 AM - 11:10 AM 10:30 AM - 11:20 AM,TF W,GRK
391,11579,GRK 201 - 01,4,11:30 AM - 12:20 PM 12:45 PM - 1:35 PM 1:30 PM - 2:20 PM,F T W,GRK
392,15626,GRK 311 - 01,3,12:45 PM - 2:00 PM,TF,GRK
393,10056,HEBR 101 - 01,1,9:55 AM - 11:10 AM 9:30 AM - 10:20 AM,MR W,HEBR
394,10119,HEBR 201 - 01,3,11:20 AM - 12:35 PM 11:30 AM - 12:20 PM,MR W,HEBR
395,15688,HEBR 301 - 01,6,8:30 AM - 9:45 AM,MR,HEBR
396,15669,HIST 116Y - 01,11,2:30 PM - 5:10 PM,W,HIST
397,15670,HIST 201 - 01,18,9:55 AM - 11:10 AM,MR,HIST
398,15671,HIST 203 - 01,13,11:20 AM - 12:35 PM,TF,HIST
399,11125,HIST 205 - 01,24,2:20 PM - 3:35 PM,MR,HIST
400,15672,HIST 214 - 01,8,9:55 AM - 11:10 AM,TF,HIST
401,15674,HIST 243 - 01,15,2:20 PM - 3:35 PM,MR,HIST
402,15675,HIST 245 - 01,25,9:55 AM - 11:10 AM,MR,HIST
403,15676,HIST 248 - 01,22,12:45 PM - 2:00 PM,TF,HIST
404,15677,HIST 253 - 01,20,2:10 PM - 3:25 PM,TF,HIST
405,15678,HIST 269 - 01,14,11:20 AM - 12:35 PM,MR,HIST
406,15680,HIST 270 - 01,20,11:20 AM - 12:35 PM,MR,HIST
407,15679,HIST 279 - 01,5,11:20 AM - 12:35 PM,TF,HIST
408,15681,HIST 280 - 01,25,12:45 PM - 2:00 PM,TF,HIST
409,15682-15862,HIST 293 - 01,23,2:10 PM - 3:25 PM,TF,HIST
410,15145-15174,HIST 299 - 01,17,12:45 PM - 2:00 PM,TF,HIST
411,15683,HIST 311 - 01,11,9:30 AM - 12:10 PM,W,HIST
412,15780-15814,HIST 369 - 01,15,6:00 PM - 8:40 PM,T,HIST
413,15684,HIST 379 - 01,2,11:20 AM - 12:35 PM,TF,HIST
414,15685,HIST 383 - 01,15,6:30 PM - 9:10 PM,M,HIST
415,11403,HNUR 101 - 01,7,8:30 AM - 9:45 AM 6:20 PM - 7:10 PM,TF W,HNUR
416,11404,HNUR 201 - 01,5,8:30 AM - 9:45 AM 11:20 AM - 12:35 PM,MR R,HNUR
417,10938,ITAS 101 - 01,7,8:30 AM - 9:45 AM 8:30 AM - 9:20 AM,MR W,ITAS
418,10939,ITAS 101 - 02,9,11:20 AM - 12:35 PM 12:30 PM - 1:20 PM,TF W,ITAS
419,11246,ITAS 103 - 01,15,3:45 PM - 5:00 PM 3:30 PM - 4:45 PM,MR W,ITAS
420,10940,ITAS 201 - 01,4,9:55 AM - 11:10 AM 9:30 AM - 10:20 AM,MR W,ITAS
421,14041,ITAS 201 - 02,10,2:20 PM - 3:35 PM 2:30 PM - 3:20 PM,MR W,ITAS
422,15812,ITAS 263 - 01,7,12:45 PM - 2:00 PM,TF,ITAS
423,15810,ITAS 271 - 01,6,9:55 AM - 11:10 AM,TF,ITAS
424,15811,ITAS 349 - 01,4,1:30 PM - 4:10 PM,W,ITAS
425,10201,JPN 101 - 01,14,8:30 AM - 9:45 AM,MTRF,JPN
426,10202,JPN 101 - 02,12,9:55 AM - 11:10 AM,MTRF,JPN
427,10203,JPN 201 - 01,5,2:20 PM - 3:35 PM 2:10 PM - 3:25 PM,MR TF,JPN
428,14040,JPN 201 - 02,9,11:20 AM - 12:35 PM,MTRF,JPN
429,10199,JPN 231 - 01,12,11:20 AM - 12:35 PM 12:30 PM - 1:20 PM,TF W,JPN
430,15179,JPN 290 - 01,10,2:20 PM - 3:35 PM,MR,JPN
431,15840,JPN 314 - 01,8,11:20 AM - 12:35 PM,TF,JPN
432,11265,KOR 101 - 01,14,8:30 AM - 9:45 AM,MTRF,KOR
433,15306,KOR 101 - 02,14,9:55 AM - 11:10 AM,MTRF,KOR
434,11266,KOR 201 - 01,14,9:55 AM - 11:10 AM 9:55 AM - 11:10 AM,MR TF,KOR
435,11668,KOR 231 - 01,8,12:45 PM - 2:00 PM 1:30 PM - 2:20 PM,TF W,KOR
436,15638,KOR 309 - 01,11,11:20 AM - 12:35 PM,TF,KOR
437,15748-15749,LAST 241 - 01,23,2:20 PM - 3:35 PM,MR,LAST
438,15734-15837,LAST 279 - 01,15,12:45 PM - 2:00 PM,TF,LAST
439,10191,LAT 101 - 01,11,8:55 AM - 9:45 AM 8:30 AM - 9:20 AM,MTR W,LAT
440,10511,LAT 200 - 01,13,11:20 AM - 12:10 PM 11:30 AM - 12:20 PM,MR W,LAT
441,15627,LAT 302 - 01,9,2:10 PM - 3:25 PM,TF,LAT
442,12284,LING 114 - 01,25,9:55 AM - 11:10 AM,MR,LING
443,15795,LING 114 - 02,25,12:45 PM - 2:00 PM,TF,LING
444,15183,LING 238 - 01,4,2:20 PM - 3:35 PM,MR,LING
445,14175-14176,MAS 115 - 01,30,8:30 AM - 9:45 AM,MR,MAS
446,14181-14182,MAS 115 - 02,28,9:55 AM - 11:10 AM,MR,MAS
447,14197-14201,MAS 115 - D01,15,8:30 AM - 9:45 AM,T,MAS
448,14198-14202,MAS 115 - D02,14,9:55 AM - 11:10 AM,T,MAS
449,14199-14203,MAS 115 - D03,14,12:45 PM - 2:00 PM,T,MAS
450,14200-14204,MAS 115 - D04,15,2:10 PM - 3:25 PM,T,MAS
451,10165,MATH 115 - 01,24,8:30 AM - 9:45 AM 8:30 AM - 9:20 AM,MR W,MATH
452,10150,MATH 115 - 02,25,9:55 AM - 11:10 AM 9:30 AM - 10:20 AM,MR W,MATH
453,10177,MATH 115 - 03,26,11:20 AM - 12:35 PM 11:30 AM - 12:20 PM,MR W,MATH
454,14657,MATH 115 - 04,19,3:45 PM - 5:00 PM 3:30 PM - 4:20 PM,MR W,MATH
455,10163,MATH 116 - 01,23,8:30 AM - 9:45 AM 8:30 AM - 9:20 AM,MR W,MATH
456,10172,MATH 116 - 02,27,9:55 AM - 11:10 AM 9:30 AM - 10:20 AM,MR W,MATH
457,10410,MATH 116 - 03,28,11:20 AM - 12:35 PM 11:30 AM - 12:20 PM,MR W,MATH
458,10187,MATH 116 - 04,19,2:20 PM - 3:35 PM 2:30 PM - 3:20 PM,MR W,MATH
459,10141,MATH 116 - 05,25,12:45 PM - 2:00 PM 1:30 PM - 2:20 PM,TF W,MATH
460,11247,MATH 116 - 06,23,2:10 PM - 3:25 PM 3:30 PM - 4:20 PM,TF W,MATH
461,10139,MATH 120 - 01,24,2:10 PM - 3:25 PM 3:30 PM - 4:20 PM,TF W,MATH
462,10158,MATH 205 - 01,30,2:20 PM - 3:35 PM 2:30 PM - 3:20 PM,MR W,MATH
463,10131,MATH 205 - 02,25,8:30 AM - 9:45 AM 8:30 AM - 9:20 AM,TF W,MATH
464,10167,MATH 205 - 03,34,9:55 AM - 11:10 AM 10:30 AM - 11:20 AM,TF W,MATH
465,11350,MATH 205 - 04,32,11:20 AM - 12:35 PM 12:30 PM - 1:20 PM,TF W,MATH
466,10128,MATH 206 - 01,24,11:20 AM - 12:35 PM 11:30 AM - 12:20 PM,MR W,MATH
467,10267,MATH 206 - 02,22,9:55 AM - 11:10 AM 10:30 AM - 11:20 AM,TF W,MATH
468,11002,MATH 215 - 01,20,9:55 AM - 11:10 AM 9:30 AM - 10:20 AM,MR W,MATH
469,12294,MATH 215 - 02,26,11:20 AM - 12:35 PM 12:30 PM - 1:20 PM,TF W,MATH
470,15689-15690,MATH 220 - 01,28,8:30 AM - 9:45 AM 8:30 AM - 9:20 AM,MR W,MATH
471,15691,MATH 223Y - 01,11,8:30 AM - 9:45 AM 8:30 AM - 9:20 AM,TF W,MATH
472,10146,MATH 225 - 01,26,8:30 AM - 9:45 AM 8:30 AM - 9:20 AM,TF W,MATH
473,13311,MATH 225 - 02,25,11:20 AM - 12:35 PM 12:30 PM - 1:20 PM,TF W,MATH
474,11405,MATH 302 - 01,17,12:45 PM - 2:00 PM 1:30 PM - 2:20 PM,TF W,MATH
475,10152,MATH 305 - 01,24,9:55 AM - 11:10 AM 10:30 AM - 11:20 AM,TF W,MATH
476,12122,MATH 307 - 01,6,12:45 PM - 2:00 PM 1:30 PM - 2:20 PM,TF W,MATH
477,15692,MATH 309 - 01,6,9:55 AM - 11:10 AM 10:30 AM - 11:20 AM,TF W,MATH
478,15693,MATH 310 - 01,8,9:55 AM - 11:10 AM 9:30 AM - 10:20 AM,MR W,MATH
479,15694,MATH 312 - 01,4,11:20 AM - 12:35 PM 11:30 AM - 12:20 PM,MR W,MATH
480,15815-15816,MES 260 - 01,9,8:30 AM - 9:45 AM,MR,MES
481,15817-15818,MES 263 - 01,12,8:30 AM - 9:45 AM,TF,MES
482,15682-15862,MES 293 - 01,23,2:10 PM - 3:25 PM,TF,MES
483,15696-15697-15698,MES 358 - 01,17,9:30 AM - 12:10 PM,W,MES
484,15780-15814,MES 369 - 01,15,6:00 PM - 8:40 PM,T,MES
485,13784,MUS 100 - 01,30,9:55 AM - 11:10 AM 9:30 AM - 10:20 AM,MR W,MUS
486,15877,MUS 100 - 02,23,9:55 AM - 11:10 AM 9:30 AM - 10:20 AM,MR W,MUS
487,10265,MUS 122 - 01,15,9:55 AM - 11:10 AM 10:30 AM - 11:20 AM,TF W,MUS
488,10110,MUS 200 - 01,5,11:20 AM - 12:35 PM 11:30 AM - 12:20 PM,MR W,MUS
489,15769,MUS 202 - 01,6,2:20 PM - 3:35 PM,MR,MUS
490,15699,MUS 220 - 01,14,9:55 AM - 12:35 PM,T,MUS
491,15700,MUS 276 - 01,21,9:55 AM - 12:35 PM,F,MUS
492,15058,MUS 300 - 01,14,12:45 PM - 3:25 PM,T,MUS
493,15599-15600,MUS 336 - 01,21,2:20 PM - 5:00 PM,MR,MUS
494,10271,MUS 344 - 01,7,12:30 PM - 3:10 PM,W,MUS
495,11324,NEUR 100 - 01,31,11:20 AM - 12:35 PM,TF,NEUR
496,11325,NEUR 100 - L01,16,1:30 PM - 2:40 PM,M,NEUR
497,11326,NEUR 100 - L02,15,3:10 PM - 4:20 PM,M,NEUR
498,11351,NEUR 200 - 01,24,9:55 AM - 11:10 AM,MR,NEUR
499,11352,NEUR 200 - L01,12,1:00 PM - 4:30 PM,W,NEUR
500,11353,NEUR 200 - L02,12,2:20 PM - 5:50 PM,R,NEUR
501,11603,NEUR 300 - 01,10,9:55 AM - 11:10 AM,MR,NEUR
502,11604,NEUR 300 - 02,10,11:20 AM - 12:35 PM,TF,NEUR
503,12785,NEUR 300 - 03,8,2:10 PM - 4:50 PM,T,NEUR
504,15609-15702,NEUR 315 - 01,6,9:55 AM - 11:10 AM,TF,NEUR
505,15610-15703,NEUR 315 - L01,6,12:45 PM - 4:15 PM,T,NEUR
506,PE1001,PE 100 - 1,13,9:55 AM - 10:55 AM,TF,PE
507,PE1041,PE 104 - 1,13,9:55 AM - 10:55 AM,MR,PE
508,PE1042,PE 104 - 2,10,11:20 AM - 12:20 PM,MR,PE
509,PE1043,PE 104 - 3,12,2:20 PM - 3:20 PM,MR,PE
510,PE10701,PE 107 - 01,10,8:30 AM - 9:30 AM,MR,PE
511,PE10702,PE 107 - 02,9,8:30 AM - 9:30 AM,TF,PE
512,PE1241,PE 124 - 1,18,7:00 PM - 8:00 PM,TR,PE
513,PE1251,PE 125 - 1,22,8:01 PM - 9:15 PM,TR,PE
514,PE1261,PE 126 - 1,13,12:45 PM - 2:45 PM,F,PE
515,PE1271,PE 127 - 1,10,3:45 PM - 5:45 PM,M,PE
516,PE1291,PE 129 - 1,19,6:00 PM - 6:59 PM,TR,PE
517,PE1391,PE 139 - 1,15,8:30 AM - 9:30 AM,MR,PE
518,PE1401,PE 140 - 1,9,2:10 PM - 3:10 PM,TF,PE
519,PE1402,PE 140 - 2,19,6:00 PM - 6:59 PM,TR,PE
520,PE1411,PE 141 - 1,10,9:55 AM - 10:55 AM,TF,PE
521,PE1421,PE 142 - 1,18,8:30 AM - 9:30 AM,TF,PE
522,PE1422,PE 142 - 2,18,9:55 AM - 10:55 AM,TF,PE
523,PE1423,PE 142 - 3,15,7:00 PM - 8:00 PM,TR,PE
524,PE1441,PE 144 - 1,3,11:20 AM - 12:20 PM,MR,PE
525,PE1461,PE 146 - 1,16,8:30 AM - 9:30 AM,TF,PE
526,PE1481,PE 148 - 1,7,9:55 AM - 10:55 AM,MR,PE
527,PE1501,PE 150 - 1,10,11:20 AM - 12:20 PM,MR,PE
528,PE1502,PE 150 - 2,9,9:55 AM - 10:55 AM,TF,PE
529,PE1531,PE 153 - 1,16,11:20 AM - 12:20 PM,TF,PE
530,PE1601,PE 160 - 1,17,8:30 AM - 9:30 AM,TF,PE
531,PE1602,PE 160 - 2,14,9:55 AM - 10:55 AM,TF,PE
532,PE1611,PE 161 - 1,15,11:20 AM - 12:20 PM,MR,PE
533,PE1631,PE 163 - 1,9,12:45 PM - 1:45 PM,TF,PE
534,PE1691,PE 169 - 1,1,2:20 PM - 3:20 PM,MR,PE
535,PE1721,PE 172 - 1,4,2:10 PM - 3:10 PM,TF,PE
536,PE1731,PE 173 - 1,8,12:45 PM - 2:45 PM,M,PE
537,PE1732,PE 173 - 2,6,11:20 AM - 12:20 PM,MR,PE
538,PE1771,PE 177 - 1,10,6:00 PM - 6:59 PM,TR,PE
539,PE1772,PE 177 - 2,11,7:00 PM - 7:59 PM,TR,PE
540,PE1773,PE 177 - 3,11,8:00 PM - 9:00 PM,TR,PE
541,PE1821,PE 182 - 1,11,9:55 AM - 10:55 AM,MR,PE
542,PE1822,PE 182 - 2,8,8:30 AM - 9:30 AM,TF,PE
543,PE1841,PE 184 - 1,11,11:20 AM - 12:20 PM,TF,PE
544,PE1851,PE 185 - 1,2,,,PE
545,PE1852,PE 185 - 2,0,,,PE
546,PE1861,PE 186 - 1,2,,,PE
547,PE1862,PE 186 - 2,0,,,PE
548,PE1901,PE 190 - 1,19,2:20 PM - 3:20 PM,MR,PE
549,PE1902,PE 190 - 2,21,6:00 PM - 6:59 PM,MW,PE
550,PE1903,PE 190 - 3,23,7:00 PM - 8:00 PM,MW,PE
551,PE1911,PE 191 - 1,19,3:45 PM - 4:45 PM,MR,PE
552,PE1921,PE 192 - 1,20,3:45 PM - 4:45 PM,MR,PE
553,PE1921,PE 192 - 1,10,3:45 PM - 4:45 PM,MR,PE
554,PE1931,PE 193 - 1,22,2:20 PM - 3:20 PM,MR,PE
555,11283,PEAC 104 - 01,25,9:55 AM - 11:10 AM,TF,PEAC
556,15132-15757,PEAC 215 - 01,23,12:45 PM - 3:25 PM,T,PEAC
557,15878-15879,PEAC 215 - 02,15,2:20 PM - 5:00 PM,M,PEAC
558,15267-15296,PEAC 240 - 01,26,8:30 AM - 9:45 AM,MR,PEAC
559,15730-15854,PEAC 312 - 01,12,2:20 PM - 5:00 PM,M,PEAC
560,15696-15697-15698,PEAC 358 - 01,17,9:30 AM - 12:10 PM,W,PEAC
561,15704,PHIL 103 - 01,29,8:30 AM - 9:45 AM,TF,PHIL
562,15651-15652,PHIL 105Y - 01,16,9:30 AM - 12:10 PM,W,PHIL
563,10160,PHIL 106 - 01,33,9:55 AM - 11:10 AM,MR,PHIL
564,15705,PHIL 200 - 01,30,11:20 AM - 12:35 PM,MR,PHIL
565,14093,PHIL 201 - 01,31,2:20 PM - 3:35 PM,MR,PHIL
566,14599,PHIL 207 - 01,20,9:55 AM - 11:10 AM,TF,PHIL
567,10774,PHIL 215 - 01,30,11:20 AM - 12:35 PM,TF,PHIL
568,10174,PHIL 216 - 01,38,2:10 PM - 3:25 PM,TF,PHIL
569,15861,PHIL 226 - 01,11,3:45 PM - 5:00 PM,MR,PHIL
570,15706-15707,PHIL 233 - 01,33,8:30 AM - 9:45 AM,MR,PHIL
571,15794,PHIL 300 - 01,16,2:20 PM - 5:00 PM,M,PHIL
572,15860,PHIL 349 - 01,6,12:30 PM - 3:10 PM,W,PHIL
573,15789,PHYS 100 - 01,26,2:10 PM - 3:25 PM 3:30 PM - 4:20 PM,TF W,PHYS
574,10016,PHYS 104 - 01,22,8:30 AM - 9:45 AM 8:30 AM - 9:20 AM,TF W,PHYS
575,10517,PHYS 104 - 02,25,9:55 AM - 11:10 AM 10:30 AM - 11:20 AM,TF W,PHYS
576,10007,PHYS 104 - L01,12,2:00 PM - 5:00 PM,M,PHYS
577,10024,PHYS 104 - L02,10,1:30 PM - 4:30 PM,W,PHYS
578,10098,PHYS 104 - L03,14,2:20 PM - 5:20 PM,R,PHYS
579,10092,PHYS 104 - L04,11,1:30 PM - 4:30 PM,F,PHYS
580,11251,PHYS 106 - 01,27,11:20 AM - 12:35 PM 12:30 PM - 1:20 PM,TF W,PHYS
581,15874,PHYS 106L - L01,13,2:00 PM - 5:00 PM,M,PHYS
582,15875,PHYS 106L - L02,8,1:30 PM - 4:30 PM,T,PHYS
583,15876,PHYS 106L - L03,14,1:30 PM - 4:30 PM,W,PHYS
584,10094,PHYS 107 - 01,27,9:55 AM - 12:35 PM 11:30 AM - 12:20 PM,MR W,PHYS
585,11304,PHYS 108 - 01,9,9:55 AM - 11:10 AM 10:30 AM - 11:20 AM,TF W,PHYS
586,15784,PHYS 109 - 01,8,9:55 AM - 11:10 AM 10:30 AM - 11:20 AM,TF W,PHYS
587,10066,PHYS 202 - 01,30,9:55 AM - 11:10 AM 9:30 AM - 10:20 AM,MR W,PHYS
588,15786,PHYS 208 - 01,4,9:55 AM - 11:10 AM 10:30 AM - 11:20 AM,TF W,PHYS
589,10198,PHYS 302 - 01,13,2:10 PM - 3:25 PM 3:30 PM - 4:20 PM,TF W,PHYS
590,15787,PHYS 308 - 01,28,12:45 PM - 2:00 PM 1:30 PM - 2:20 PM,TF W,PHYS
591,15825,PHYS 331 - 01,9,2:20 PM - 3:35 PM 2:20 PM - 5:00 PM,M R,PHYS
592,14601,POL 123 - 01,11,11:20 AM - 12:35 PM,MR,POL
593,15805,POL 125Y - 01,14,12:30 PM - 3:10 PM,W,POL
594,12153,POL1 200 - 01,23,2:20 PM - 3:35 PM,MR,POL1
595,12279,POL1 200 - 02,31,2:10 PM - 3:25 PM,TF,POL1
596,15708,POL1 247 - 01,16,9:55 AM - 11:10 AM,MR,POL1
597,15709,POL1 317 - 01,10,11:20 AM - 12:35 PM,MR,POL1
598,15192,POL1 324 - 01,8,2:20 PM - 5:00 PM,M,POL1
599,15710,POL2 204 - 01,26,3:45 PM - 5:00 PM,MR,POL2
600,15711,POL2 206 - 01,18,11:20 AM - 12:35 PM,TF,POL2
601,15835,POL2 208 - 01,20,11:20 AM - 12:35 PM,MR,POL2
602,11284-11285,POL2 214 - 01,27,11:20 AM - 12:35 PM,MR,POL2
603,14100,POL2 306 - 01,14,9:55 AM - 12:35 PM,F,POL2
604,15696-15697-15698,POL2 359 - 01,17,9:30 AM - 12:10 PM,W,POL2
605,11900,POL3 221 - 01,35,9:55 AM - 11:10 AM,TF,POL3
606,13353,POL3 221 - 02,30,2:10 PM - 3:25 PM,TF,POL3
607,15797,POL3 326 - 01,19,12:45 PM - 2:00 PM,TF,POL3
608,14621,POL3 354 - 01,16,1:30 PM - 4:10 PM,W,POL3
609,15752,POL3 387 - 01,18,11:20 AM - 12:35 PM,TF,POL3
610,15300,POL4 107 - 01,17,8:30 AM - 9:45 AM,MR,POL4
611,15335,POL4 243 - 01,20,9:55 AM - 11:10 AM,MR,POL4
612,15783,POL4 341 - 01,15,2:20 PM - 5:00 PM,R,POL4
613,15334,POL4 349 - 01,12,1:30 PM - 4:10 PM,W,POL4
614,12812,PORT 103 - 01,12,11:20 AM - 12:35 PM 11:30 AM - 12:20 PM,MTR W,PORT
615,15197,PORT 241 - 01,9,2:20 PM - 3:35 PM,MR,PORT
616,10002,PSYC 101 - 01,27,11:20 AM - 12:35 PM,TF,PSYC
617,10085,PSYC 101 - 02,24,9:55 AM - 11:10 AM,MR,PSYC
618,10001,PSYC 101 - 03,25,8:30 AM - 9:45 AM,MR,PSYC
619,10020,PSYC 101 - 04,24,8:30 AM - 9:45 AM,TF,PSYC
620,11600,PSYC 101 - 05,26,11:20 AM - 12:35 PM,MR,PSYC
621,10075,PSYC 205 - 01,23,11:20 AM - 12:35 PM,TF,PSYC
622,10071,PSYC 205 - 02,26,8:30 AM - 9:45 AM,MR,PSYC
623,10101,PSYC 205 - 1LA,12,2:10 PM - 3:25 PM,T,PSYC
624,10055,PSYC 205 - 1LB,11,3:30 PM - 4:45 PM,W,PSYC
625,10105,PSYC 205 - 2LA,15,9:55 AM - 11:10 AM,M,PSYC
626,10015,PSYC 205 - 2LB,11,9:55 AM - 11:10 AM,R,PSYC
627,14579,PSYC 207 - 01,24,8:30 AM - 9:45 AM,TF,PSYC
628,10005,PSYC 210 - 01,25,2:10 PM - 3:25 PM,TF,PSYC
629,10059,PSYC 212 - 01,24,12:45 PM - 2:00 PM,TF,PSYC
630,11400,PSYC 213 - 01,30,2:10 PM - 3:25 PM,TF,PSYC
631,15198,PSYC 215 - 01,29,11:20 AM - 12:35 PM,MR,PSYC
632,14577,PSYC 217 - 01,35,12:45 PM - 2:00 PM,TF,PSYC
633,14111,PSYC 218 - 01,23,9:55 AM - 11:10 AM,MR,PSYC
634,15263,PSYC 245 - 01,27,11:20 AM - 12:35 PM,TF,PSYC
635,15750,PSYC 307R - 01,10,8:30 AM - 11:10 AM,TF,PSYC
636,11309,PSYC 312R - 01,10,2:20 PM - 5:00 PM,MR,PSYC
637,15765-15766,PSYC 316 - 01,16,12:45 PM - 3:25 PM,T,PSYC
638,14442,PSYC 317 - 01,16,2:20 PM - 5:00 PM,M,PSYC
639,15716,PSYC 326 - 01,16,9:55 AM - 12:35 PM,M,PSYC
640,15717,PSYC 328 - 01,16,2:20 PM - 5:00 PM,M,PSYC
641,15751,PSYC 337 - 01,15,9:55 AM - 12:35 PM,F,PSYC
642,15203,PSYC 339 - 01,15,2:20 PM - 5:00 PM,R,PSYC
643,13203,PSYC 349 - 01,15,6:30 PM - 9:10 PM,R,PSYC
644,10615,QR 140 - 01,20,11:20 AM - 12:35 PM 11:30 AM - 12:20 PM,MR W,QR
645,10616,QR 140 - 02,19,9:55 AM - 11:10 AM 9:30 AM - 10:20 AM,MR W,QR
646,10632,QR 140 - 03,19,2:20 PM - 3:35 PM 2:30 PM - 3:20 PM,MR W,QR
647,13730-14454,QR 260 - 01,45,9:55 AM - 11:10 AM 10:30 AM - 11:20 AM,TF W,QR
648,15718,REL 108 - 01,23,11:20 AM - 12:35 PM,TF,REL
649,15071-15207,REL 214 - 01,30,9:55 AM - 11:10 AM,TF,REL
650,15719,REL 216 - 01,18,11:20 AM - 12:35 PM,MR,REL
651,15574-15575,REL 220 - 01,21,9:55 AM - 11:10 AM,TF,REL
652,14117,REL 226 - 01,29,2:20 PM - 3:35 PM,MR,REL
653,15720,REL 243 - 01,15,12:45 PM - 2:00 PM,TF,REL
654,15798,REL 255 - 01,5,2:10 PM - 3:25 PM,TF,REL
655,15815-15816,REL 260 - 01,9,8:30 AM - 9:45 AM,MR,REL
656,15817-15818,REL 263 - 01,12,8:30 AM - 9:45 AM,TF,REL
657,15799,REL 330 - 01,8,1:30 PM - 4:10 PM,W,REL
658,15721,REL 342 - 01,3,9:30 AM - 12:10 PM,W,REL
659,11584,RUSS 101 - 01,11,3:45 PM - 5:00 PM 8:30 AM - 9:45 AM 8:30 AM - 9:20 AM,R TF W,RUSS
660,11585,RUSS 201 - 01,10,11:20 AM - 12:35 PM 12:30 PM - 1:20 PM,TF W,RUSS
661,10184,RUSS 251 - 01,12,9:55 AM - 11:10 AM,TF,RUSS
662,15216,RUSS 286 - 01,4,9:55 AM - 11:10 AM,MR,RUSS
663,15722,RUSS 301 - 01,5,12:45 PM - 2:00 PM 1:30 PM - 2:20 PM,TF W,RUSS
664,15723,RUSS 333 - 01,6,2:10 PM - 3:25 PM,T,RUSS
665,15724,SAS 241 - 01,11,11:20 AM - 12:35 PM,TF,SAS
666,12152,SOC 138 - 01,29,9:55 AM - 11:10 AM,MR,SOC
667,15727,SOC 150 - 01,21,3:45 PM - 5:00 PM,MR,SOC
668,11148-12186,SOC 190 - 01,32,8:30 AM - 9:45 AM,TF,SOC
669,11312-11314,SOC 190 - 02,33,9:55 AM - 11:10 AM,TF,SOC
670,14660-14663,SOC 190 - 03,30,11:20 AM - 12:35 PM,MR,SOC
671,11365,SOC 200 - 01,22,9:55 AM - 11:10 AM,TF,SOC
672,15302,SOC 207 - 01,27,6:30 PM - 9:10 PM,T,SOC
673,15297,SOC 210 - 01,19,11:20 AM - 12:35 PM,TF,SOC
674,15728,SOC 212 - 01,25,1:30 PM - 4:10 PM,W,SOC
675,14740-14741,SOC 225 - 01,24,2:10 PM - 3:25 PM,TF,SOC
676,15576-15577,SOC 246 - 01,21,11:20 AM - 12:35 PM,MR,SOC
677,15729,SOC 304 - 01,8,6:30 PM - 9:10 PM,M,SOC
678,12817-12818,SOC 307 - 01,13,11:20 AM - 12:35 PM,MR,SOC
679,15730-15854,SOC 312 - 01,12,2:20 PM - 5:00 PM,M,SOC
680,15731,SOC 314 - 01,12,12:45 PM - 3:25 PM,T,SOC
681,15068-15069,SOC 322 - 01,16,2:20 PM - 5:00 PM,M,SOC
682,10109,SPAN 101 - 01,17,8:30 AM - 9:45 AM 8:30 AM - 9:20 AM,MR W,SPAN
683,10079,SPAN 101 - 02,15,9:55 AM - 11:10 AM 10:30 AM - 11:20 AM,TF W,SPAN
684,10009,SPAN 201 - 01,20,8:30 AM - 9:45 AM 8:30 AM - 9:20 AM,TF W,SPAN
685,10065,SPAN 201 - 02,23,11:20 AM - 12:35 PM 11:30 AM - 12:20 PM,MR W,SPAN
686,10100,SPAN 201 - 03,18,11:20 AM - 12:35 PM 12:30 PM - 1:20 PM,TF W,SPAN
687,14677,SPAN 201 - 04,18,12:45 PM - 2:00 PM 1:30 PM - 2:20 PM,TF W,SPAN
688,10060,SPAN 201 - 05,17,2:20 PM - 3:35 PM 2:30 PM - 3:20 PM,MR W,SPAN
689,10858,SPAN 201 - 06,15,2:10 PM - 3:25 PM 3:30 PM - 4:20 PM,TF W,SPAN
690,10057,SPAN 241 - 01,22,8:30 AM - 9:45 AM,MR,SPAN
691,10096,SPAN 241 - 02,20,9:55 AM - 11:10 AM,MR,SPAN
692,11261,SPAN 241 - 03,19,9:55 AM - 11:10 AM,TF,SPAN
693,14625,SPAN 243 - 01,16,11:20 AM - 12:35 PM,MR,SPAN
694,15732,SPAN 253 - 01,16,11:20 AM - 12:35 PM,TF,SPAN
695,15733,SPAN 263 - 01,14,9:55 AM - 11:10 AM,MR,SPAN
696,11638,SPAN 272 - 01,6,2:10 PM - 3:25 PM,TF,SPAN
697,15734-15837,SPAN 279 - 01,15,12:45 PM - 2:00 PM,TF,SPAN
698,15735,SPAN 309 - 01,14,9:30 AM - 12:10 PM,W,SPAN
699,15736,SPAN 324 - 01,6,1:30 PM - 4:10 PM,W,SPAN
700,15737,SPAN 329 - 01,7,2:20 PM - 5:00 PM,M,SPAN
701,14607,STAT 101 - 01,24,2:20 PM - 3:35 PM 2:30 PM - 3:20 PM,MR W,STAT
702,14435,STAT 218 - 01,28,12:45 PM - 2:00 PM 1:30 PM - 2:20 PM,TF W,STAT
703,15689-15690,STAT 220 - 01,28,8:30 AM - 9:45 AM 8:30 AM - 9:20 AM,MR W,STAT
704,13730-14454,STAT 260 - 01,45,9:55 AM - 11:10 AM 10:30 AM - 11:20 AM,TF W,STAT
705,14051,SUST 201 - 01,14,3:30 PM - 6:30 PM,W,SUST
706,11408,SWA 101 - 01,7,9:55 AM - 11:10 AM 9:30 AM - 10:20 AM,MR W,SWA
707,12820,SWA 201 - 01,4,11:20 AM - 12:35 PM 11:30 AM - 12:20 PM,MR W,SWA
708,13747,THST 106 - 01,15,1:30 PM - 4:10 PM,W,THST
709,14050,THST 200 - 01,16,2:20 PM - 5:00 PM,M,THST
710,11410,THST 204 - 01,12,9:55 AM - 12:35 PM,T,THST
711,15304,THST 204 - 02,16,9:30 AM - 12:10 PM,W,THST
712,13293,THST 207 - 01,7,9:55 AM - 12:35 PM,R,THST
713,11276,THST 209 - 01,10,2:20 PM - 5:00 PM,R,THST
714,15824,THST 215 - 01,7,12:45 PM - 3:25 PM,T,THST
715,11275,THST 221 - 01,10,9:30 AM - 12:10 PM,W,THST
716,14626,THST 321 - 01,0,9:30 AM - 12:10 PM,W,THST
717,15745,THST 345 - 01,5,6:30 PM - 9:10 PM,MWR,THST
718,14722-15756,WGST 102Y - 01,16,11:20 AM - 12:35 PM,TF,WGST
719,11394,WGST 120 - 01,27,2:20 PM - 3:35 PM,MR,WGST
720,13365,WGST 150 - 01,30,8:30 AM - 9:45 AM,MR,WGST
721,14595,WGST 205 - 01,25,9:55 AM - 11:10 AM,MR,WGST
722,15738,WGST 219 - 01,18,12:45 PM - 3:25 PM,F,WGST
723,14048-14511,WGST 223 - 01,25,12:30 PM - 3:10 PM,W,WGST
724,15067,WGST 226 - 01,23,11:20 AM - 12:35 PM,MR,WGST
725,15267-15296,WGST 240 - 01,26,8:30 AM - 9:45 AM,MR,WGST
726,15578-15579,WGST 274 - 01,26,12:45 PM - 3:25 PM,T,WGST
727,15739,WGST 305 - 01,8,1:30 PM - 4:10 PM,W,WGST
728,14623,WGST 314 - 01,11,9:30 AM - 12:10 PM,W,WGST
729,15068-15069,WGST 322 - 01,16,2:20 PM - 5:00 PM,M,WGST
730,14216,WGST 324 - 01,12,2:20 PM - 5:00 PM,R,WGST
731,15236,WRIT 106 - 01,14,11:20 AM - 12:35 PM,TF,WRIT
732,14132,WRIT 107 - 01,15,12:45 PM - 2:00 PM 1:30 PM - 2:20 PM,TF W,WRIT
733,14133,WRIT 110 - 01,15,2:20 PM - 5:00 PM 2:20 PM - 3:35 PM,M R,WRIT
734,14583,WRIT 112 - 01,16,9:55 AM - 11:10 AM 10:30 AM - 11:20 AM,TF W,WRIT
735,15846,WRIT 120 - 01,15,9:55 AM - 11:10 AM,TF,WRIT
736,15847,WRIT 120 - 02,15,12:45 PM - 2:00 PM,TF,WRIT
737,13383,WRIT 121 - 01,12,11:20 AM - 12:35 PM,MR,WRIT
738,15740,WRIT 122 - 01,12,8:30 AM - 9:45 AM,MR,WRIT
739,15328,WRIT 126 - 01,12,12:45 PM - 2:00 PM,TF,WRIT
740,15792,WRIT 126 - 02,10,2:10 PM - 3:25 PM,TF,WRIT
741,13851,WRIT 127 - 01,11,8:30 AM - 9:45 AM,TF,WRIT
742,14142,WRIT 127 - 02,12,9:55 AM - 11:10 AM,TF,WRIT
743,15741,WRIT 128 - 01,11,2:20 PM - 3:35 PM,MR,WRIT
744,15324,WRIT 130 - 01,14,11:20 AM - 12:35 PM,TF,WRIT
745,15855,WRIT 130 - 02,14,2:10 PM - 3:25 PM,TF,WRIT
746,15237,WRIT 135 - 01,16,9:55 AM - 11:10 AM,MR,WRIT
747,15742,WRIT 137 - 01,15,2:10 PM - 3:25 PM,TF,WRIT
748,14135,WRIT 140 - 01,14,3:45 PM - 5:00 PM,MR,WRIT
749,15793,WRIT 155 - 01,12,2:20 PM - 3:35 PM,MR,WRIT
750,14591,WRIT 161 - 01,15,3:45 PM - 5:00 PM,MR,WRIT
751,15743,WRIT 164 - 01,15,9:55 AM - 11:10 AM,MR,WRIT
752,15323,WRIT 171 - 01,14,9:55 AM - 11:10 AM,MR,WRIT
753,14141,WRIT 201 - 01,13,3:45 PM - 5:00 PM,MR,WRIT
754,15754-15759,WRIT 277 - 01,15,1:30 PM - 4:10 PM,W,WRIT
755,12817-12818,WRIT 307 - 01,13,11:20 AM - 12:35 PM,MR,WRIT
756,15070,WRIT 325 - 01,11,12:45 PM - 2:00 PM,MR,WRIT
