Rank,Name,Pct.,Rank,Num.,Pct.
1,Smith,0.83%,0,"+66,771",+2.8%
2,Johnson,0.66%,0,"+75,652",+4.1%
3,Williams,0.55%,0,"+91,210",+5.9%
4,Brown,0.49%,0,"+56,881",+4.1%
5,Jones,0.48%,0,"+62,715",+4.6%
6,Garcia,0.40%,+2,"+307,831",+35.9%
7,Miller,0.39%,-1,"+33,634",+3.0%
8,Davis,0.38%,-1,"+44,022",+4.1%
9,Rodriguez,0.37%,0,"+290,684",+36.1%
10,Martinez,0.36%,+1,"+285,087",+36.8%
11,Hernandez,0.35%,+4,"+336,909",+47.7%
12,Lopez,0.30%,+9,"+252,987",+40.7%
13,Gonzalez,0.29%,+10,"+243,307",+40.7%
14,Wilson,0.27%,-4,"+18,831",+2.4%
15,Anderson,0.27%,-3,"+22,010",+2.9%
16,Thomas,0.26%,-2,"+45,446",+6.4%
17,Taylor,0.26%,-4,"+30,839",+4.3%
18,Moore,0.25%,-2,"+25,703",+3.7%
19,Jackson,0.24%,-1,"+41,974",+6.3%
20,Martin,0.24%,-3,"+29,914",+4.4%
21,Lee,0.24%,+1,"+87,163",+14.4%
22,Perez,0.23%,+7,"+193,124",+39.5%
23,Thompson,0.23%,-4,"+20,276",+3.1%
24,White,0.22%,-4,"+20,976",+3.3%
25,Harris,0.21%,-1,"+30,710",+5.2%
26,Sanchez,0.21%,+7,"+171,510",+38.9%
27,Clark,0.19%,-2,"+14,310",+2.6%
28,Ramirez,0.19%,+14,"+168,436",+43.3%
29,Lewis,0.18%,-3,"+21,851",+4.3%
30,Robinson,0.18%,-3,"+26,793",+5.3%
31,Walker,0.18%,-3,"+21,822",+4.4%
32,Young,0.16%,-1,"+18,499",+4.0%
33,Allen,0.16%,-1,"+19,239",+4.2%
34,King,0.16%,+1,"+26,436",+6.0%
35,Wright,0.16%,-1,"+18,613",+4.2%
36,Scott,0.15%,0,"+19,439",+4.6%
37,Torres,0.15%,+13,"+112,644",+34.6%
38,Nguyen,0.15%,+19,"+127,520",+41.1%
39,Hill,0.15%,+2,"+23,057",+5.6%
40,Flores,0.15%,+15,"+121,354",+38.8%
41,Green,0.15%,-4,"+16,705",+4.0%
42,Adams,0.15%,-3,"+14,779",+3.6%
43,Nelson,0.14%,-3,"+12,722",+3.1%
44,Baker,0.14%,-6,"+6,235",+1.5%
45,Hall,0.14%,-15,"-66,492",-14.00%
46,Rivera,0.13%,+13,"+91,651",+30.6%
47,Campbell,0.13%,-4,"+14,204",+3.8%
48,Mitchell,0.13%,-4,"+17,053",+4.6%
49,Carter,0.13%,-3,"+14,418",+4.0%
50,Roberts,0.13%,-5,"+10,559",+2.9%
51,Gomez,0.12%,+17,"+102,065",+38.7%
52,Phillips,0.12%,-5,"+8,954",+2.5%
53,Evans,0.12%,-5,"+13,356",+3.9%
54,Turner,0.12%,-5,"+12,964",+3.9%
55,Diaz,0.12%,+18,"+95,864",+38.1%
56,Parker,0.11%,-5,"+11,975",+3.7%
57,Cruz,0.11%,+25,"+103,136",+44.6%
58,Edwards,0.11%,-5,"+15,353",+4.8%
59,Collins,0.11%,-7,"+11,922",+3.8%
60,Reyes,0.11%,+21,"+95,393",+41.0%
61,Stewart,0.11%,-7,"+12,058",+3.9%
62,Morris,0.11%,-6,"+7,130",+2.3%
63,Morales,0.11%,+27,"+94,135",+43.3%
64,Murphy,0.11%,-6,"+7,916",+2.6%
65,Cook,0.10%,-5,"+7,794",+2.6%
66,Rogers,0.10%,-5,"+7,858",+2.7%
67,Gutierrez,0.10%,+29,"+80,313",+37.7%
68,Ortiz,0.10%,+26,"+72,216",+33.6%
69,Morgan,0.10%,-7,"+9,880",+3.6%
70,Cooper,0.10%,-6,"+10,694",+4.0%
71,Peterson,0.09%,-8,"+3,256",+1.2%
72,Bailey,0.09%,-6,"+11,929",+4.5%
73,Reed,0.09%,-8,"+9,587",+3.6%
74,Kelly,0.09%,-5,"+7,009",+2.7%
75,Howard,0.09%,-5,"+10,047",+3.9%
76,Ramos,0.09%,+36,"+70,368",+36.4%
77,Kim,0.09%,+32,"+68,285",+35.2%
78,Cox,0.09%,-6,"+7,460",+2.9%
79,Ward,0.09%,-8,"+6,343",+2.5%
80,Richardson,0.09%,-6,"+10,265",+4.1%
81,Watson,0.09%,-5,"+10,147",+4.2%
82,Brooks,0.09%,-5,"+10,912",+4.5%
83,Chavez,0.09%,+35,"+65,033",+35.0%
84,Wood,0.09%,-9,"+3,416",+1.4%
85,James,0.09%,-5,"+16,155",+6.9%
86,Bennett,0.08%,-8,"+8,544",+3.6%
87,Gray,0.08%,-8,"+9,403",+4.0%
88,Mendoza,0.08%,+46,"+74,204",+44.0%
89,Ruiz,0.08%,+40,"+62,805",+35.8%
90,Hughes,0.08%,-7,"+6,881",+3.0%
91,Price,0.08%,-7,"+6,495",+2.8%
92,Alvarez,0.08%,+40,"+65,166",+38.6%
93,Castillo,0.08%,+42,"+64,947",+39.2%
94,Sanders,0.08%,-6,"+9,472",+4.3%
95,Patel,0.08%,+77,"+84,907",+58.5%
96,Myers,0.08%,-11,"+5,071",+2.3%
97,Long,0.08%,-11,"+5,880",+2.6%
98,Ross,0.08%,-9,"+9,407",+4.3%
99,Foster,0.08%,-12,"+6,724",+3.0%
100,Jimenez,0.08%,+47,"+69,643",+44.2%
101,Powell,0.08%,-10,"+8,321",+3.8%
102,Jenkins,0.08%,-7,"+8,916",+4.2%
103,Perry,0.08%,-6,"+9,097",+4.3%
104,Russell,0.08%,-11,"+6,126",+2.8%
105,Sullivan,0.08%,-13,"+5,350",+2.5%
106,Bell,0.08%,-39,"-44,153",-16.70%
107,Coleman,0.07%,-5,"+10,446",+5.0%
108,Butler,0.07%,-10,"+7,968",+3.8%
109,Henderson,0.07%,-8,"+8,299",+4.0%
110,Barnes,0.07%,-11,"+7,815",+3.7%
111,Gonzales,0.07%,-1,"+20,824",+10.7%
112,Fisher,0.07%,-12,"+4,424",+2.1%
113,Vasquez,0.07%,+30,"+52,792",+33.0%
114,Simmons,0.07%,-11,"+8,532",+4.2%
115,Romero,0.07%,+39,"+54,842",+35.7%
116,Jordan,0.07%,-11,"+11,191",+5.7%
117,Patterson,0.07%,-13,"+6,866",+3.5%
118,Alexander,0.07%,-7,"+11,178",+5.8%
119,Hamilton,0.07%,-12,"+7,415",+3.8%
120,Graham,0.07%,-12,"+7,085",+3.7%
121,Reynolds,0.07%,-15,"+4,649",+2.4%
122,Griffin,0.07%,-8,"+7,770",+4.1%
123,Wallace,0.07%,-10,"+6,516",+3.4%
124,Moreno,0.07%,+46,"+50,837",+34.8%
125,West,0.07%,-10,"+7,354",+3.9%
126,Cole,0.07%,-10,"+7,496",+4.0%
127,Hayes,0.07%,-10,"+6,773",+3.6%
128,Bryant,0.07%,-8,"+9,012",+4.9%
129,Herrera,0.07%,+46,"+51,925",+36.9%
130,Gibson,0.07%,-11,"+6,247",+3.4%
131,Ellis,0.06%,-10,"+7,034",+3.9%
132,Tran,0.06%,+56,"+52,403",+38.5%
133,Medina,0.06%,+43,"+49,144",+35.3%
134,Aguilar,0.06%,+79,"+60,113",+47.6%
135,Stevens,0.06%,-13,"+4,257",+2.3%
136,Murray,0.06%,-13,"+6,496",+3.6%
137,Ford,0.06%,-13,"+6,435",+3.6%
138,Castro,0.06%,+56,"+50,880",+38.2%
139,Marshall,0.06%,-14,"+6,709",+3.8%
140,Owens,0.06%,-14,"+6,385",+3.6%
141,Harrison,0.06%,-13,"+5,514",+3.1%
142,Fernandez,0.06%,+36,"+41,540",+29.8%
143,McDonald,0.06%,-16,"+4,403",+2.5%
144,Woods,0.06%,-11,"+8,611",+5.1%
145,Washington,0.06%,-7,"+14,350",+8.8%
146,Kennedy,0.06%,-16,"+5,229",+3.0%
147,Wells,0.06%,-16,"+5,595",+3.3%
148,Vargas,0.06%,+73,"+49,883",+40.2%
149,Henry,0.06%,-7,"+9,572",+5.9%
150,Chen,0.06%,+110,"+64,036",+60.7%
151,Freeman,0.06%,-11,"+6,463",+4.0%
152,Webb,0.06%,-15,"+5,397",+3.3%
153,Tucker,0.06%,-14,"+4,513",+2.8%
154,Guzman,0.06%,+76,"+48,654",+41.1%
155,Burns,0.06%,-14,"+3,772",+2.3%
156,Crawford,0.06%,-10,"+6,336",+4.0%
157,Olson,0.06%,-21,+533,+0.3%
158,Simpson,0.06%,-13,"+4,940",+3.1%
159,Porter,0.06%,-11,"+6,206",+4.0%
160,Hunter,0.06%,-7,"+8,030",+5.2%
161,Gordon,0.06%,-10,"+6,899",+4.5%
162,Mendez,0.06%,+80,"+48,981",+43.4%
163,Silva,0.06%,+51,"+35,469",+28.1%
164,Shaw,0.05%,-14,"+5,228",+3.4%
165,Snyder,0.05%,-21,+899,+0.6%
166,Mason,0.05%,-17,"+4,729",+3.0%
167,Dixon,0.05%,-11,"+7,465",+4.9%
168,Munoz,0.05%,+64,"+40,709",+34.6%
169,Hunt,0.05%,-12,"+6,435",+4.2%
170,Hicks,0.05%,-15,"+4,702",+3.1%
171,Holmes,0.05%,-10,"+6,614",+4.4%
172,Palmer,0.05%,-14,"+6,194",+4.1%
173,Wagner,0.05%,-21,"+1,279",+0.8%
174,Black,0.05%,-14,"+4,552",+3.0%
175,Robertson,0.05%,-16,"+3,367",+2.2%
176,Boyd,0.05%,-12,"+3,993",+2.7%
177,Rose,0.05%,-9,"+6,473",+4.4%
178,Stone,0.05%,-16,"+3,527",+2.4%
179,Salazar,0.05%,+61,"+39,235",+34.6%
180,Fox,0.05%,-13,"+4,977",+3.4%
181,Warren,0.05%,-15,"+4,241",+2.9%
182,Mills,0.05%,-17,"+4,033",+2.7%
183,Meyer,0.05%,-20,"+1,231",+0.8%
184,Rice,0.05%,-15,"+3,060",+2.1%
185,Schmidt,0.05%,-14,"+1,469",+1.0%
186,Garza,0.05%,+34,"+22,875",+18.4%
187,Daniels,0.05%,-7,"+7,794",+5.6%
188,Ferguson,0.05%,-15,"+4,170",+2.9%
189,Nichols,0.05%,-15,"+3,648",+2.6%
190,Stephens,0.05%,-9,"+5,904",+4.3%
191,Soto,0.05%,+66,"+37,820",+35.5%
192,Weaver,0.05%,-13,"+5,026",+3.6%
193,Ryan,0.05%,-16,"+4,117",+3.0%
194,Gardner,0.05%,-12,"+4,234",+3.1%
195,Payne,0.05%,-12,"+4,573",+3.3%
196,Grant,0.05%,-4,"+8,243",+6.1%
197,Dunn,0.05%,-12,"+4,472",+3.3%
198,Kelley,0.05%,-14,"+3,138",+2.3%
199,Spencer,0.05%,-10,"+5,508",+4.1%
200,Hawkins,0.05%,-9,"+5,685",+4.2%
201,Arnold,0.05%,-14,"+2,578",+1.9%
202,Pierce,0.05%,-16,"+2,112",+1.5%
203,Vazquez,0.05%,+125,"+53,396",+62.9%
204,Hansen,0.05%,-11,"+4,503",+3.4%
205,Peters,0.05%,-15,"+3,282",+2.4%
206,Santos,0.05%,+73,"+38,239",+38.6%
207,Hart,0.05%,-11,"+4,718",+3.6%
208,Bradley,0.05%,-8,"+5,431",+4.1%
209,Knight,0.05%,-10,"+4,853",+3.7%
210,Elliott,0.05%,-13,"+3,308",+2.5%
211,Cunningham,0.05%,-13,"+3,822",+2.9%
212,Duncan,0.05%,-9,"+4,768",+3.7%
213,Armstrong,0.05%,-9,"+5,062",+3.9%
214,Hudson,0.05%,-12,"+4,170",+3.2%
215,Carroll,0.05%,-14,"+3,297",+2.5%
216,Lane,0.05%,-7,"+5,500",+4.3%
217,Riley,0.05%,-7,"+5,912",+4.6%
218,Andrews,0.05%,-12,"+4,479",+3.5%
219,Alvarado,0.05%,+75,"+39,778",+42.4%
220,Ray,0.05%,-12,"+4,377",+3.4%
221,Delgado,0.05%,+61,"+34,310",+34.8%
222,Berry,0.05%,-17,"+3,407",+2.6%
223,Perkins,0.05%,-11,"+4,489",+3.5%
224,Hoffman,0.05%,-29,"-1,244",-0.90%
225,Johnston,0.05%,-18,"+2,438",+1.9%
226,Matthews,0.05%,-9,"+6,464",+5.2%
227,Pena,0.04%,+57,"+32,431",+33.0%
228,Richards,0.04%,-13,"+4,876",+3.9%
229,Contreras,0.04%,+70,"+37,504",+40.5%
230,Willis,0.04%,-14,"+4,525",+3.6%
231,Carpenter,0.04%,-20,"+2,825",+2.2%
232,Lawrence,0.04%,-13,"+5,378",+4.3%
233,Sandoval,0.04%,+54,"+32,645",+33.9%
234,Guerrero,0.04%,+57,"+34,525",+36.7%
235,George,0.04%,-8,"+8,847",+7.4%
236,Chapman,0.04%,-18,"+3,325",+2.7%
237,Rios,0.04%,+48,"+31,225",+32.3%
238,Estrada,0.04%,+60,"+34,639",+37.3%
239,Ortega,0.04%,+57,"+34,125",+36.6%
240,Watkins,0.04%,-18,"+4,636",+3.8%
241,Greene,0.04%,-13,"+6,497",+5.4%
242,Nunez,0.04%,+64,"+35,142",+39.0%
243,Wheeler,0.04%,-20,"+3,374",+2.8%
244,Valdez,0.04%,+39,"+26,385",+26.8%
245,Harper,0.04%,-19,"+4,593",+3.8%
246,Burke,0.04%,-17,"+3,702",+3.1%
247,Larson,0.04%,-23,"+1,523",+1.3%
248,Santiago,0.04%,+54,"+31,245",+34.3%
249,Maldonado,0.04%,+67,"+33,510",+38.1%
250,Morrison,0.04%,-19,"+3,191",+2.7%
251,Franklin,0.04%,-15,"+5,762",+5.0%
252,Carlson,0.04%,-27,+428,+0.4%
253,Austin,0.04%,-12,"+6,546",+5.8%
254,Dominguez,0.04%,+80,"+35,573",+42.5%
255,Carr,0.04%,-16,"+5,184",+4.6%
256,Lawson,0.04%,-21,"+3,867",+3.4%
257,Jacobs,0.04%,-24,"+3,074",+2.7%
258,Obrien,0.04%,-24,"+3,172",+2.7%
259,Lynch,0.04%,-22,"+3,260",+2.8%
260,Singh,0.04%,+136,"+44,107",+60.7%
261,Vega,0.04%,+57,"+28,945",+33.0%
262,Bishop,0.04%,-24,"+2,584",+2.3%
263,Montgomery,0.04%,-17,"+3,809",+3.4%
264,Oliver,0.04%,-16,"+4,259",+3.8%
265,Jensen,0.04%,-21,"+3,347",+3.0%
266,Harvey,0.04%,-19,"+3,526",+3.1%
267,Williamson,0.04%,-22,"+2,743",+2.4%
268,Gilbert,0.04%,-25,"+2,534",+2.3%
269,Dean,0.04%,-19,"+4,800",+4.4%
270,Sims,0.04%,-16,"+6,130",+5.7%
271,Espinoza,0.04%,+89,"+32,832",+41.4%
272,Howell,0.04%,-23,"+2,407",+2.2%
273,Li,0.04%,+246,"+54,000",+93.4%
274,Wong,0.04%,+3,"+11,979",+12.1%
275,Reid,0.04%,-12,"+7,353",+7.1%
276,Hanson,0.04%,-25,"+2,065",+1.9%
277,Le,0.04%,+91,"+33,514",+43.3%
278,McCoy,0.04%,-20,"+4,263",+4.0%
279,Garrett,0.04%,-26,"+2,920",+2.7%
280,Burton,0.04%,-25,"+3,371",+3.1%
281,Fuller,0.04%,-25,"+3,434",+3.2%
282,Wang,0.04%,+156,"+42,313",+62.6%
283,Weber,0.04%,-31,"+1,567",+1.5%
284,Welch,0.04%,-25,"+3,183",+3.0%
285,Rojas,0.04%,+108,"+35,350",+48.4%
286,Lucas,0.04%,-11,"+7,273",+7.2%
287,Marquez,0.04%,+70,"+27,582",+34.5%
288,Fields,0.04%,-24,"+4,280",+4.1%
289,Park,0.04%,+54,"+24,806",+30.3%
290,Yang,0.04%,+107,"+33,406",+46.0%
291,Little,0.04%,-25,"+3,218",+3.1%
292,Banks,0.04%,-14,"+6,539",+6.6%
293,Padilla,0.04%,+52,"+23,560",+28.8%
294,Day,0.04%,-23,"+3,415",+3.4%
295,Walsh,0.04%,-30,"+1,863",+1.8%
296,Bowman,0.04%,-28,"+2,768",+2.7%
297,Schultz,0.04%,-36,-74,-0.10%
298,Luna,0.04%,+80,"+28,391",+37.3%
299,Fowler,0.04%,-32,"+1,895",+1.8%
300,Mejia,0.04%,+148,"+37,523",+56.4%
301,Davidson,0.04%,-32,"+1,886",+1.8%
302,Acosta,0.04%,+75,"+26,941",+35.2%
303,Brewer,0.04%,-29,"+2,853",+2.8%
304,May,0.04%,-34,"+1,580",+1.6%
305,Holland,0.04%,-29,"+2,653",+2.7%
306,Juarez,0.04%,+123,"+33,164",+48.2%
307,Newman,0.04%,-34,"+1,440",+1.4%
308,Pearson,0.04%,-27,"+3,108",+3.1%
309,Curtis,0.04%,-29,"+2,843",+2.9%
310,Cortez,0.03%,+57,"+24,202",+31.2%
311,Douglas,0.03%,-25,"+5,033",+5.2%
312,Schneider,0.03%,-40,+737,+0.7%
313,Joseph,0.03%,+43,"+20,929",+26.2%
314,Barrett,0.03%,-26,"+4,208",+4.4%
315,Navarro,0.03%,+73,"+25,837",+34.9%
316,Figueroa,0.03%,+82,"+25,935",+35.8%
317,Keller,0.03%,-27,"+3,968",+4.2%
318,Avila,0.03%,+103,"+27,471",+39.3%
319,Wade,0.03%,-22,"+4,206",+4.5%
320,Molina,0.03%,+97,"+26,768",+38.1%
321,Stanley,0.03%,-29,"+3,050",+3.3%
322,Hopkins,0.03%,-33,"+2,207",+2.3%
323,Campos,0.03%,+97,"+26,161",+37.4%
324,Barnett,0.03%,-24,"+3,394",+3.7%
325,Bates,0.03%,-32,"+1,879",+2.0%
326,Chambers,0.03%,-21,"+4,663",+5.2%
327,Caldwell,0.03%,-26,"+2,606",+2.9%
328,Beck,0.03%,-33,+625,+0.7%
329,Lambert,0.03%,-26,"+3,060",+3.4%
330,Miranda,0.03%,+107,"+25,982",+38.4%
331,Byrd,0.03%,-20,"+4,093",+4.6%
332,Craig,0.03%,-25,"+2,916",+3.3%
333,Ayala,0.03%,+116,"+25,948",+39.0%
334,Lowe,0.03%,-25,"+3,082",+3.5%
335,Frazier,0.03%,-21,"+3,827",+4.3%
336,Powers,0.03%,-32,"+1,569",+1.7%
337,Neal,0.03%,-4,"+7,845",+9.4%
338,Leonard,0.03%,-30,"+2,277",+2.6%
339,Gregory,0.03%,-27,"+2,574",+2.9%
340,Carrillo,0.03%,+103,"+24,075",+35.9%
341,Sutton,0.03%,-22,"+3,591",+4.1%
342,Fleming,0.03%,-25,"+2,728",+3.1%
343,Rhodes,0.03%,-33,"+1,753",+2.0%
344,Shelton,0.03%,-31,"+2,191",+2.5%
345,Schwartz,0.03%,-15,"+5,372",+6.3%
346,Norris,0.03%,-20,"+4,584",+5.4%
347,Jennings,0.03%,-26,"+2,662",+3.1%
348,Watts,0.03%,-24,"+3,421",+4.0%
349,Duran,0.03%,+85,"+21,355",+31.4%
350,Walters,0.03%,-88,"-14,905",-14.30%
351,Cohen,0.03%,-31,"+1,865",+2.1%
352,McDaniel,0.03%,-29,"+2,411",+2.8%
353,Moran,0.03%,+9,"+10,069",+12.8%
354,Parks,0.03%,-32,"+2,240",+2.6%
355,Steele,0.03%,-24,"+3,877",+4.6%
356,Vaughn,0.03%,-29,"+3,023",+3.6%
357,Becker,0.03%,-42,-255,-0.30%
358,Holt,0.03%,-29,"+2,821",+3.3%
359,Deleon,0.03%,+101,"+21,816",+33.3%
360,Barker,0.03%,-35,"+1,941",+2.3%
361,Terry,0.03%,-25,"+3,563",+4.3%
362,Hale,0.03%,-24,"+3,663",+4.4%
363,Leon,0.03%,+120,"+24,329",+39.2%
364,Hail,0.03%,+9959,"+83,380","+2,915%"
365,Benson,0.03%,-33,"+1,848",+2.2%
366,Haynes,0.03%,-25,"+3,937",+4.8%
367,Horton,0.03%,-32,"+1,672",+2.0%
368,Miles,0.03%,-26,"+3,009",+3.7%
369,Lyons,0.03%,-30,"+2,258",+2.7%
370,Pham,0.03%,+128,"+24,371",+40.7%
371,Graves,0.03%,-31,"+2,000",+2.4%
372,Bush,0.03%,-26,"+2,494",+3.1%
373,Thornton,0.03%,-26,"+2,776",+3.4%
374,Wolfe,0.03%,-37,+816,+1.0%
375,Warner,0.03%,-31,"+1,957",+2.4%
376,Cabrera,0.03%,+148,"+26,450",+46.3%
377,McKinney,0.03%,-24,"+3,000",+3.7%
378,Mann,0.03%,-29,"+2,488",+3.1%
379,Zimmerman,0.03%,-29,"+2,321",+2.9%
380,Dawson,0.03%,-25,"+2,992",+3.7%
381,Lara,0.03%,+120,"+23,336",+39.1%
382,Fletcher,0.03%,-30,"+2,131",+2.6%
383,Page,0.03%,-29,"+2,499",+3.1%
384,McCarthy,0.03%,-36,"+1,915",+2.4%
385,Love,0.03%,-22,"+4,550",+5.8%
386,Robles,0.03%,+103,"+20,839",+33.8%
387,Cervantes,0.03%,+133,"+24,476",+42.4%
388,Solis,0.03%,+109,"+22,101",+36.8%
389,Erickson,0.03%,-38,"+1,149",+1.4%
390,Reeves,0.03%,-32,"+2,161",+2.7%
391,Chang,0.03%,+33,"+12,183",+17.5%
392,Klein,0.03%,-33,"+1,786",+2.2%
393,Salinas,0.03%,+97,"+19,574",+31.8%
394,Fuentes,0.03%,+136,"+24,565",+43.5%
395,Baldwin,0.03%,-34,"+1,591",+2.0%
396,Daniel,0.03%,-16,"+5,391",+7.2%
397,Simon,0.03%,-14,"+5,621",+7.5%
398,Velasquez,0.03%,+127,"+23,201",+40.6%
399,Hardy,0.03%,-25,"+3,644",+4.8%
400,Higgins,0.03%,-35,"+1,696",+2.2%
401,Aguirre,0.03%,+107,"+20,599",+35.0%
402,Lin,0.03%,+222,"+30,148",+61.1%
403,Cummings,0.03%,-31,"+2,609",+3.4%
404,Chandler,0.03%,-25,"+3,072",+4.0%
405,Sharp,0.03%,-34,"+2,122",+2.8%
406,Barber,0.03%,-30,"+2,344",+3.1%
407,Bowen,0.03%,-37,"+1,744",+2.3%
408,Ochoa,0.03%,+115,"+21,467",+37.5%
409,Dennis,0.03%,-25,"+3,698",+4.9%
410,Robbins,0.03%,-46,+240,+0.3%
411,Liu,0.03%,+239,"+30,705",+64.4%
412,Ramsey,0.03%,-39,"+1,725",+2.3%
413,Francis,0.03%,-7,"+6,604",+9.2%
414,Griffith,0.03%,-45,+831,+1.1%
415,Paul,0.03%,-14,"+6,008",+8.3%
416,Blair,0.03%,-36,"+2,891",+3.8%
417,Oconnor,0.03%,-32,"+3,167",+4.2%
418,Cardenas,0.03%,+111,"+21,034",+37.2%
419,Pacheco,0.03%,+93,"+19,108",+32.6%
420,Cross,0.03%,-38,"+2,423",+3.2%
421,Calderon,0.03%,+129,"+22,394",+40.9%
422,Quinn,0.03%,-36,"+2,455",+3.3%
423,Moss,0.03%,-34,"+3,158",+4.3%
424,Swanson,0.03%,-49,+358,+0.5%
425,Chan,0.03%,+34,"+10,945",+16.7%
426,Rivas,0.03%,+127,"+21,617",+39.6%
427,Khan,0.03%,+238,"+29,458",+63.1%
428,Rodgers,0.03%,-34,"+3,074",+4.2%
429,Serrano,0.03%,+116,"+20,939",+38.0%
430,Fitzgerald,0.03%,-40,"+1,834",+2.5%
431,Rosales,0.03%,+164,"+23,849",+46.5%
432,Stevenson,0.03%,-37,"+2,277",+3.1%
433,Christensen,0.03%,-21,"+3,999",+5.6%
434,Manning,0.03%,-32,"+2,880",+4.0%
435,Gill,0.03%,-5,"+6,249",+9.1%
436,Curry,0.03%,-26,"+3,575",+5.0%
437,McLaughlin,0.03%,-45,"+1,688",+2.3%
438,Harmon,0.03%,-39,"+2,323",+3.2%
439,McGee,0.03%,-35,"+2,617",+3.6%
440,Gross,0.03%,-53,+218,+0.3%
441,Doyle,0.03%,-50,+940,+1.3%
442,Garner,0.03%,-39,"+2,272",+3.2%
443,Newton,0.03%,-43,"+1,764",+2.4%
444,Burgess,0.03%,-37,"+2,327",+3.2%
445,Reese,0.03%,-40,"+2,165",+3.0%
446,Walton,0.03%,-32,"+2,857",+4.0%
447,Blake,0.03%,-22,"+4,518",+6.5%
448,Trujillo,0.03%,+56,"+14,055",+23.6%
449,Adkins,0.03%,-41,"+2,071",+2.9%
450,Brady,0.03%,-39,"+1,970",+2.8%
451,Goodman,0.03%,-42,"+1,654",+2.3%
452,Roman,0.03%,+55,"+13,898",+23.5%
453,Webster,0.03%,-35,"+2,502",+3.6%
454,Goodwin,0.03%,-39,"+2,118",+3.0%
455,Fischer,0.03%,-36,"+2,262",+3.2%
456,Huang,0.03%,+241,"+27,613",+61.8%
457,Potter,0.02%,-44,"+1,072",+1.5%
458,Delacruz,0.02%,+171,"+22,951",+46.7%
459,Montoya,0.02%,+67,"+14,769",+25.9%
460,Todd,0.02%,-37,"+1,949",+2.8%
461,Wu,0.02%,+222,"+25,906",+56.5%
462,Hines,0.02%,-30,"+3,572",+5.2%
463,Mullins,0.02%,-47,"+1,360",+1.9%
464,Castaneda,0.02%,+136,"+20,279",+39.7%
465,Malone,0.02%,-39,"+2,029",+2.9%
466,Cannon,0.02%,-30,"+3,162",+4.7%
467,Tate,0.02%,-27,"+3,850",+5.7%
468,Mack,0.02%,-27,"+3,902",+5.8%
469,Sherman,0.02%,-47,+662,+0.9%
470,Hubbard,0.02%,-35,"+2,341",+3.4%
471,Hodges,0.02%,-43,"+1,355",+2.0%
472,Zhang,0.02%,+491,"+36,923",+111%
473,Guerra,0.02%,+81,"+15,496",+28.4%
474,Wolf,0.02%,-47,"+1,126",+1.6%
475,Valencia,0.02%,+141,"+19,974",+39.9%
476,Franco,0.02%,+95,"+16,782",+31.6%
476,Saunders,0.02%,-37,"+2,733",+4.1%
478,Rowe,0.02%,-26,"+3,674",+5.5%
479,Gallagher,0.02%,-46,"+1,759",+2.6%
480,Farmer,0.02%,-49,"+1,308",+1.9%
481,Hammond,0.02%,-39,"+2,452",+3.7%
482,Hampton,0.02%,-31,"+3,094",+4.7%
483,Townsend,0.02%,-39,"+2,507",+3.8%
484,Ingram,0.02%,-38,"+2,680",+4.0%
485,Wise,0.02%,-40,"+1,911",+2.9%
486,Gallegos,0.02%,+65,"+13,701",+25.1%
487,Clarke,0.02%,-11,"+5,735",+9.2%
488,Barton,0.02%,-41,"+1,611",+2.4%
489,Schroeder,0.02%,-39,"+1,565",+2.4%
490,Maxwell,0.02%,-32,"+2,182",+3.3%
491,Waters,0.02%,-36,"+2,112",+3.2%
492,Logan,0.02%,-27,"+3,333",+5.2%
493,Camacho,0.02%,+137,"+18,893",+38.6%
494,Strickland,0.02%,-38,"+1,955",+3.0%
495,Norman,0.02%,-34,"+2,435",+3.7%
496,Person,0.02%,+1223,"+48,282",+252%
497,Colon,0.02%,+42,"+11,826",+21.3%
498,Parsons,0.02%,-45,"+1,107",+1.7%
499,Frank,0.02%,-45,"+1,386",+2.1%
500,Harrington,0.02%,-38,"+1,828",+2.8%
501,Glover,0.02%,-33,"+2,678",+4.2%
502,Osborne,0.02%,-45,"+1,025",+1.6%
503,Buchanan,0.02%,-32,"+2,823",+4.4%
504,Casey,0.02%,-41,"+1,741",+2.7%
505,Floyd,0.02%,-36,"+2,313",+3.6%
506,Patton,0.02%,-42,"+1,521",+2.3%
507,Ibarra,0.02%,+155,"+19,168",+40.9%
508,Ball,0.02%,-142,"-11,502",-14.80%
509,Tyler,0.02%,-32,"+3,522",+5.6%
510,Suarez,0.02%,+148,"+18,778",+39.8%
511,Bowers,0.02%,-45,"+1,507",+2.3%
512,Orozco,0.02%,+178,"+20,615",+45.5%
513,Salas,0.02%,+130,"+17,186",+35.6%
514,Cobb,0.02%,-42,"+1,386",+2.2%
515,Gibbs,0.02%,-37,"+2,550",+4.1%
516,Andrade,0.02%,+150,"+18,335",+39.3%
517,Bauer,0.02%,-33,"+3,025",+4.9%
518,Conner,0.02%,-38,"+2,237",+3.6%
519,Moody,0.02%,-40,"+2,085",+3.3%
520,Escobar,0.02%,+203,"+21,448",+49.9%
521,McGuire,0.02%,-39,"+2,211",+3.6%
522,Lloyd,0.02%,-29,"+3,048",+5.0%
523,Mueller,0.02%,-56,-114,-0.20%
524,Hartman,0.02%,-54,+279,+0.4%
525,French,0.02%,-52,+842,+1.3%
526,Kramer,0.02%,-52,+913,+1.4%
527,McBride,0.02%,-32,"+3,025",+5.0%
528,Pope,0.02%,-42,"+2,131",+3.5%
529,Lindsey,0.02%,-37,"+2,561",+4.2%
530,Velazquez,0.02%,+259,"+23,706",+59.2%
531,Norton,0.02%,-46,"+1,917",+3.1%
532,McCormick,0.02%,-57,+986,+1.6%
533,Sparks,0.02%,-52,"+1,206",+1.9%
534,Flynn,0.02%,-47,"+1,653",+2.7%
535,Yates,0.02%,-44,"+1,854",+3.0%
536,Hogan,0.02%,-48,"+1,434",+2.3%
537,Marsh,0.02%,-43,"+1,305",+2.1%
538,Macias,0.02%,+126,"+15,488",+33.1%
539,Villanueva,0.02%,+164,"+17,313",+38.8%
540,Zamora,0.02%,+144,"+15,923",+34.8%
541,Pratt,0.02%,-41,"+1,870",+3.1%
542,Stokes,0.02%,-32,"+2,952",+5.0%
543,Owen,0.02%,-47,"+1,169",+1.9%
544,Ballard,0.02%,-41,"+1,965",+3.3%
545,Lang,0.02%,-46,"+1,686",+2.8%
546,Brock,0.02%,-44,"+1,687",+2.8%
547,Villarreal,0.02%,+66,"+11,004",+21.9%
548,Charles,0.02%,+41,"+9,693",+18.8%
549,Drake,0.02%,-43,"+2,107",+3.6%
550,Barrera,0.02%,+163,"+17,278",+39.5%
551,Cain,0.02%,-35,"+3,075",+5.3%
552,Patrick,0.02%,-39,"+2,588",+4.4%
553,Pineda,0.02%,+253,"+21,821",+56.0%
554,Burnett,0.02%,-37,"+2,932",+5.1%
555,Mercado,0.02%,+119,"+14,324",+30.8%
556,Santana,0.02%,+154,"+16,792",+38.3%
557,Shepherd,0.02%,-42,"+2,544",+4.4%
558,Bautista,0.02%,+272,"+22,417",+59.2%
559,Ali,0.02%,+317,"+23,923",+66.3%
560,Shaffer,0.02%,-55,+716,+1.2%
561,Lamb,0.02%,-50,"+1,358",+2.3%
562,Trevino,0.02%,+50,"+9,428",+18.7%
563,McKenzie,0.02%,-19,"+4,511",+8.2%
564,Hess,0.02%,-46,"+1,664",+2.9%
565,Beil,0.02%,+11782,"+57,155","+2,476%"
566,Olsen,0.02%,-45,"+1,999",+3.5%
567,Cochran,0.02%,-53,"+1,117",+1.9%
568,Morton,0.02%,-59,+425,+0.7%
569,Nash,0.02%,+32,"+7,693",+15.1%
570,Wilkins,0.02%,-38,"+2,566",+4.6%
571,Petersen,0.02%,-28,"+3,295",+6.0%
572,Briggs,0.02%,-50,"+1,111",+1.9%
573,Shah,0.02%,+258,"+20,454",+54.1%
574,Roth,0.02%,-47,"+1,248",+2.2%
575,Nicholson,0.02%,-41,"+2,165",+3.9%
576,Holloway,0.02%,-36,"+2,574",+4.6%
577,Lozano,0.02%,+157,"+15,212",+35.7%
578,Flowers,0.02%,-18,"+3,272",+6.0%
578,Rangel,0.02%,+172,"+15,681",+37.5%
580,Hoover,0.02%,-48,"+1,429",+2.5%
581,Arias,0.02%,+206,"+17,391",+43.4%
581,Short,0.02%,-45,"+1,574",+2.8%
583,Mora,0.02%,+176,"+16,116",+39.0%
584,Valenzuela,0.02%,+127,"+13,613",+31.1%
585,Bryan,0.02%,-43,"+1,874",+3.4%
586,Meyers,0.02%,-58,+383,+0.7%
587,Weiss,0.02%,-56,+959,+1.7%
588,Underwood,0.02%,-53,"+1,091",+1.9%
589,Bass,0.02%,-30,"+2,748",+5.1%
590,Greer,0.02%,-38,"+2,432",+4.5%
591,Summers,0.02%,-50,"+1,562",+2.8%
592,Houston,0.02%,-29,"+2,874",+5.3%
593,Carson,0.02%,-56,"+1,051",+1.9%
594,Morrow,0.02%,-56,"+1,176",+2.1%
595,Clayton,0.02%,-47,"+1,763",+3.2%
596,Whitaker,0.02%,-38,"+2,273",+4.2%
597,Decker,0.02%,-42,"+2,126",+3.9%
598,Yoder,0.02%,+109,"+12,165",+27.5%
599,Collier,0.02%,-43,"+1,966",+3.6%
600,Zuniga,0.02%,+204,"+17,290",+44.3%
601,Carey,0.02%,-54,"+1,398",+2.5%
602,Wilcox,0.02%,-56,"+1,299",+2.4%
603,Melendez,0.02%,+141,"+14,091",+33.4%
604,Poole,0.02%,-55,"+1,520",+2.8%
605,Roberson,0.02%,-36,"+2,982",+5.6%
606,Larsen,0.02%,-34,"+2,997",+5.7%
607,Conley,0.02%,-45,"+1,723",+3.2%
608,Davenport,0.02%,-47,"+1,689",+3.1%
609,Copeland,0.02%,-44,"+2,079",+3.9%
610,Massey,0.02%,-42,"+2,136",+4.0%
611,Lam,0.02%,+95,"+11,169",+25.2%
612,Huff,0.02%,-48,"+1,592",+3.0%
613,Rocha,0.02%,+131,"+13,112",+31.1%
614,Cameron,0.02%,-36,"+2,801",+5.3%
615,Jefferson,0.02%,-21,"+3,818",+7.4%
616,Hood,0.02%,-50,"+1,437",+2.7%
617,Monroe,0.02%,-50,"+1,661",+3.1%
618,Anthony,0.02%,-38,"+2,968",+5.7%
619,Pittman,0.02%,-46,"+2,332",+4.4%
620,Huynh,0.02%,+170,"+14,985",+37.5%
621,Randall,0.02%,-47,"+2,269",+4.3%
622,Singleton,0.02%,-38,"+2,824",+5.5%
623,Kirk,0.02%,-41,"+2,338",+4.5%
624,Combs,0.02%,-54,"+1,077",+2.0%
625,Mathis,0.02%,-40,"+2,421",+4.7%
626,Christian,0.02%,-29,"+3,021",+5.9%
627,Skinner,0.02%,-52,"+1,556",+3.0%
628,Bradford,0.02%,-42,"+2,289",+4.4%
629,Richard,0.02%,-48,"+1,755",+3.4%
630,Galvan,0.02%,+158,"+13,776",+34.4%
631,Wall,0.02%,-74,-607,-1.10%
632,Boone,0.02%,-45,"+2,113",+4.1%
633,Kirby,0.02%,-56,"+1,294",+2.5%
634,Wilkinson,0.02%,-58,"+1,256",+2.4%
635,Bridges,0.02%,-56,"+1,422",+2.7%
636,Bruce,0.02%,-53,"+1,415",+2.7%
637,Atkinson,0.02%,-45,"+1,887",+3.7%
638,Velez,0.02%,+89,"+10,445",+24.4%
639,Meza,0.02%,+196,"+15,568",+41.3%
640,Roy,0.02%,-19,"+3,434",+6.9%
641,Vincent,0.02%,-33,"+2,467",+4.9%
642,York,0.02%,-46,"+1,725",+3.4%
643,Hodge,0.02%,-33,"+2,343",+4.6%
644,Villa,0.02%,+153,"+13,415",+34.0%
645,Abbott,0.02%,-57,"+1,119",+2.2%
646,Allison,0.02%,-56,"+1,197",+2.3%
647,Tapia,0.02%,+198,"+15,450",+41.5%
648,Gates,0.02%,-41,"+1,821",+3.6%
649,Chase,0.02%,-43,"+1,704",+3.4%
650,Sosa,0.02%,+209,"+15,644",+42.5%
651,Sweeney,0.02%,-60,+910,+1.8%
652,Farrell,0.02%,-53,"+1,226",+2.4%
653,Wyatt,0.02%,-49,"+1,337",+2.6%
654,Dalton,0.02%,-39,"+2,018",+4.0%
655,Horn,0.02%,-62,+758,+1.5%
656,Barron,0.02%,+22,"+5,874",+12.7%
657,Phelps,0.02%,-59,+890,+1.7%
658,Yu,0.02%,+216,"+15,750",+43.4%
659,Dickerson,0.02%,-57,+872,+1.7%
660,Heath,0.02%,-46,"+1,570",+3.1%
661,Foley,0.02%,-56,"+1,013",+2.0%
662,Atkins,0.02%,-43,"+1,917",+3.9%
663,Mathews,0.02%,-54,+984,+1.9%
664,Bonilla,0.02%,+244,"+16,651",+47.8%
665,Acevedo,0.02%,+159,"+13,119",+34.3%
666,Benitez,0.02%,+291,"+17,847",+53.4%
667,Zavala,0.02%,+271,"+17,085",+50.1%
668,Hensley,0.02%,-50,"+1,223",+2.5%
669,Glenn,0.02%,-42,"+1,802",+3.7%
670,Cisneros,0.02%,+180,"+13,870",+37.4%
671,Harrell,0.02%,-33,"+2,366",+4.9%
672,Shields,0.02%,-49,"+1,276",+2.6%
673,Rubio,0.02%,+193,"+14,257",+39.0%
674,Choi,0.02%,+198,"+14,396",+39.6%
674,Huffman,0.02%,-54,"+1,049",+2.1%
676,Boyer,0.02%,-54,"+1,141",+2.3%
677,Garrison,0.02%,-66,+204,+0.4%
678,Arroyo,0.02%,+155,"+12,936",+34.3%
679,Bond,0.02%,-76,-370,-0.70%
680,Kane,0.02%,-44,"+2,057",+4.2%
681,Hancock,0.02%,-56,"+1,228",+2.5%
682,Callahan,0.02%,-65,+599,+1.2%
683,Dillon,0.02%,-52,"+1,632",+3.3%
684,Cline,0.02%,-56,"+1,091",+2.2%
685,Wiggins,0.02%,-44,"+1,892",+3.9%
686,Grimes,0.02%,-60,"+1,000",+2.0%
687,Arellano,0.02%,+218,"+15,105",+43.2%
688,Melton,0.02%,-54,"+1,475",+3.0%
689,Oneill,0.02%,-56,"+1,372",+2.8%
690,Savage,0.02%,-50,"+1,547",+3.2%
691,Ho,0.02%,+87,"+9,404",+23.3%
692,Beltran,0.02%,+222,"+15,040",+43.3%
693,Pitts,0.02%,-54,"+1,278",+2.6%
694,Parrish,0.02%,-62,+910,+1.9%
695,Ponce,0.02%,+200,"+14,149",+40.0%
696,Rich,0.02%,-42,"+2,004",+4.2%
697,Booth,0.02%,-62,+822,+1.7%
698,Koch,0.02%,-41,"+2,109",+4.5%
699,Golden,0.02%,-51,"+1,521",+3.2%
700,Ware,0.02%,-33,"+2,634",+5.6%
701,Brennan,0.02%,-59,+942,+2.0%
702,McDowell,0.02%,-50,"+1,691",+3.6%
703,Marks,0.02%,-59,+896,+1.9%
704,Cantu,0.02%,+89,"+9,525",+24.1%
705,Humphrey,0.02%,-50,"+1,586",+3.3%
706,Baxter,0.02%,-59,"+1,176",+2.5%
707,Sawyer,0.02%,-61,"+1,049",+2.2%
708,Clay,0.02%,-31,"+2,580",+5.6%
709,Tanner,0.02%,-34,"+2,401",+5.2%
710,Hutchinson,0.02%,-61,+972,+2.0%
711,Kaur,0.02%,+790,"+26,928",+123%
712,Berg,0.02%,-75,+266,+0.5%
713,Wiley,0.02%,-60,"+1,217",+2.6%
714,Gilmore,0.02%,-53,"+1,669",+3.5%
715,Russo,0.02%,-70,+570,+1.2%
716,Villegas,0.02%,+201,"+13,915",+40.1%
717,Hobbs,0.02%,-58,"+1,302",+2.8%
718,Keith,0.02%,-55,"+1,740",+3.7%
719,Wilkerson,0.02%,-49,"+1,839",+3.9%
720,Ahmed,0.02%,+486,"+21,712",+81.6%
721,Beard,0.02%,-61,"+1,079",+2.3%
722,McClain,0.02%,-34,"+2,605",+5.7%
723,Montes,0.02%,+178,"+12,946",+36.8%
724,Mata,0.02%,+183,"+13,232",+37.9%
725,Rosario,0.02%,+140,"+11,512",+31.5%
726,Vang,0.02%,+256,"+15,703",+48.6%
727,Walter,0.02%,-76,+409,+0.9%
728,Henson,0.02%,-59,"+1,404",+3.0%
729,Oneal,0.02%,-49,"+1,818",+3.9%
730,Mosley,0.02%,-31,"+3,265",+7.3%
731,McClure,0.02%,-59,"+1,237",+2.7%
732,Beasley,0.02%,-53,"+1,514",+3.3%
733,Stephenson,0.02%,-65,+979,+2.1%
734,Snow,0.02%,-47,"+1,839",+4.0%
735,Huerta,0.02%,+224,"+14,107",+42.3%
736,Preston,0.02%,-55,"+1,517",+3.3%
737,Vance,0.02%,-51,"+1,561",+3.4%
738,Barry,0.02%,-47,"+2,230",+5.0%
739,Johns,0.02%,-83,-43,-0.10%
740,Eaton,0.02%,-64,+781,+1.7%
741,Blackwell,0.02%,-68,+680,+1.5%
742,Dyer,0.02%,-71,+596,+1.3%
743,Prince,0.02%,-43,"+2,528",+5.7%
744,Macdonald,0.02%,-59,+935,+2.0%
745,Solomon,0.02%,-19,"+3,695",+8.6%
746,Guevara,0.02%,+293,"+15,610",+50.6%
747,Stafford,0.02%,-58,"+1,045",+2.3%
748,English,0.02%,-56,"+1,361",+3.0%
749,Hurst,0.02%,-47,"+1,657",+3.7%
750,Woodard,0.02%,-54,"+1,410",+3.1%
751,Cortes,0.02%,+310,"+16,088",+53.4%
752,Shannon,0.02%,-59,"+1,245",+2.8%
753,Kemp,0.02%,-55,"+1,445",+3.2%
754,Nolan,0.02%,-49,"+1,633",+3.7%
755,McCullough,0.02%,-47,"+1,729",+3.9%
756,Merritt,0.02%,-55,+968,+2.2%
757,Murillo,0.02%,+238,"+13,594",+42.5%
758,Moon,0.02%,-10,"+3,466",+8.2%
759,Salgado,0.02%,+253,"+13,842",+43.8%
760,Strong,0.02%,-42,"+2,002",+4.6%
761,Kline,0.02%,-67,+490,+1.1%
762,Cordova,0.02%,+141,"+10,231",+29.2%
763,Barajas,0.02%,+226,"+13,006",+40.5%
764,Roach,0.02%,-60,+565,+1.3%
765,Rosas,0.02%,+265,"+13,888",+44.7%
766,Winters,0.02%,-54,"+1,152",+2.6%
767,Jacobson,0.02%,-72,-66,-0.10%
768,Lester,0.02%,-59,+865,+2.0%
769,Knox,0.02%,-45,"+1,805",+4.2%
770,Bullock,0.02%,-48,"+1,719",+4.0%
771,Kerr,0.02%,-42,"+1,953",+4.6%
772,Leach,0.02%,-58,+915,+2.1%
773,Meadows,0.02%,-48,"+1,616",+3.8%
774,Davila,0.02%,+150,"+9,847",+28.5%
774,Orr,0.02%,-60,+722,+1.7%
776,Whitehead,0.02%,-55,"+1,063",+2.5%
777,Pruitt,0.02%,-41,"+1,902",+4.5%
778,Kent,0.02%,-45,"+1,728",+4.1%
779,Conway,0.02%,-60,+925,+2.1%
780,McKee,0.02%,-63,+582,+1.3%
781,Barr,0.02%,-43,"+1,698",+4.0%
782,David,0.02%,+36,"+5,381",+13.9%
783,Dejesus,0.02%,+219,"+12,235",+38.5%
784,Marin,0.02%,+219,"+12,118",+38.1%
785,Berger,0.02%,-69,+295,+0.7%
786,McIntyre,0.02%,-44,"+1,507",+3.6%
787,Blankenship,0.02%,-56,"+1,167",+2.7%
788,Gaines,0.02%,-49,"+1,452",+3.4%
789,Palacios,0.02%,+268,"+13,567",+44.9%
790,Cuevas,0.02%,+203,"+11,686",+36.5%
791,Bartlett,0.02%,-56,"+1,136",+2.7%
792,Durham,0.02%,-52,"+1,270",+3.0%
793,Dorsey,0.02%,-30,"+2,527",+6.1%
794,McCall,0.02%,-33,"+2,252",+5.5%
795,Odonnell,0.02%,-67,+658,+1.5%
796,Stein,0.02%,-76,+58,+0.1%
797,Browning,0.02%,-65,+687,+1.6%
798,Stout,0.02%,-68,+636,+1.5%
799,Lowery,0.02%,-47,"+1,608",+3.9%
800,Sloan,0.02%,-57,+980,+2.3%
801,McLean,0.02%,-33,"+2,389",+5.8%
802,Hendricks,0.02%,-53,"+1,318",+3.1%
803,Calhoun,0.02%,-46,"+1,728",+4.2%
804,Sexton,0.02%,-57,"+1,053",+2.5%
805,Chung,0.02%,+65,"+6,688",+18.4%
806,Gentry,0.02%,-65,+670,+1.6%
807,Hull,0.02%,-53,"+1,362",+3.3%
808,Duarte,0.02%,+189,"+11,087",+34.8%
809,Ellison,0.02%,-53,"+1,368",+3.3%
810,Nielsen,0.02%,-45,"+1,766",+4.3%
811,Gillespie,0.01%,-53,"+1,300",+3.1%
812,Buck,0.01%,-75,+198,+0.5%
813,Middleton,0.01%,-42,"+1,870",+4.6%
814,Sellers,0.01%,-59,"+1,016",+2.4%
815,Leblanc,0.01%,-48,"+1,652",+4.0%
816,Esparza,0.01%,+155,"+9,787",+29.9%
817,Hardin,0.01%,-64,+805,+1.9%
818,Bradshaw,0.01%,-49,"+1,671",+4.1%
819,McIntosh,0.01%,-42,"+1,926",+4.8%
820,Howe,0.01%,-45,"+1,710",+4.2%
821,Livingston,0.01%,-55,"+1,139",+2.8%
822,Frost,0.01%,-48,"+1,433",+3.5%
823,Glass,0.01%,-53,"+1,078",+2.6%
824,Morse,0.01%,-62,+662,+1.6%
825,Knapp,0.01%,-65,+504,+1.2%
826,Herman,0.01%,-80,-341,-0.80%
827,Stark,0.01%,-76,-128,-0.30%
828,Bravo,0.01%,+337,"+14,124",+51.2%
829,Noble,0.01%,-45,"+1,450",+3.6%
830,Spears,0.01%,-45,"+1,462",+3.6%
831,Weeks,0.01%,-67,+512,+1.2%
832,Corona,0.01%,+249,"+12,028",+40.7%
833,Frederick,0.01%,-42,"+1,485",+3.7%
834,Buckley,0.01%,-62,+642,+1.6%
835,McFarland,0.01%,-53,"+1,056",+2.6%
836,Hebert,0.01%,-55,+992,+2.5%
837,Enriquez,0.01%,+235,"+11,385",+38.1%
838,Hickman,0.01%,-55,+939,+2.3%
839,Quintero,0.01%,+231,"+11,206",+37.4%
840,Randolph,0.01%,-48,"+1,387",+3.5%
841,Schaefer,0.01%,-68,+400,+1.0%
842,Walls,0.01%,-41,"+1,859",+4.7%
843,Trejo,0.01%,+329,"+13,638",+49.8%
844,House,0.01%,-68,+523,+1.3%
845,Reilly,0.01%,-65,+574,+1.4%
846,Pennington,0.01%,-67,+515,+1.3%
847,Michael,0.01%,-49,"+1,367",+3.5%
848,Conrad,0.01%,-62,+605,+1.5%
849,Giles,0.01%,-44,"+1,596",+4.1%
850,Benjamin,0.01%,+18,"+4,151",+11.4%
851,Crosby,0.01%,-40,"+1,719",+4.4%
852,Fitzpatrick,0.01%,-58,+948,+2.4%
853,Donovan,0.01%,-54,"+1,140",+2.9%
854,Mays,0.01%,-45,"+1,494",+3.8%
855,Mahoney,0.01%,-60,+957,+2.4%
856,Valentine,0.01%,-22,"+2,726",+7.2%
857,Raymond,0.01%,-32,"+2,117",+5.5%
858,Medrano,0.01%,+233,"+10,875",+37.0%
859,Hahn,0.01%,-37,"+1,896",+4.9%
860,McMillan,0.01%,-50,"+1,341",+3.4%
861,Small,0.01%,-180,"-5,638",-12.30%
862,Bentley,0.01%,-48,"+1,479",+3.8%
863,Felix,0.01%,+148,"+8,534",+27.0%
864,Peck,0.01%,-68,+623,+1.6%
865,Lucero,0.01%,+80,"+6,064",+17.9%
866,Boyle,0.01%,-64,+780,+2.0%
867,Hanna,0.01%,+20,"+4,291",+12.1%
868,Pace,0.01%,-61,+904,+2.3%
869,Rush,0.01%,-30,"+2,332",+6.2%
870,Hurley,0.01%,-62,+825,+2.1%
871,Harding,0.01%,-48,"+1,447",+3.8%
872,McConnell,0.01%,-72,+551,+1.4%
873,Bernal,0.01%,+216,"+10,275",+34.9%
874,Nava,0.01%,+338,"+13,207",+49.9%
875,Ayers,0.01%,-63,+787,+2.0%
876,Everett,0.01%,-60,+891,+2.3%
877,Ventura,0.01%,+319,"+12,811",+47.9%
878,Avery,0.01%,-38,"+2,124",+5.7%
879,Pugh,0.01%,-62,+868,+2.2%
880,Mayer,0.01%,-77,+444,+1.1%
881,Bender,0.01%,-60,"+1,087",+2.8%
882,Shepard,0.01%,-67,+725,+1.9%
883,McMahon,0.01%,-64,+854,+2.2%
884,Landry,0.01%,-56,"+1,430",+3.8%
885,Case,0.01%,-72,+560,+1.4%
886,Sampson,0.01%,-42,"+2,043",+5.5%
887,Moses,0.01%,-29,"+2,402",+6.5%
888,Magana,0.01%,+278,"+11,534",+41.8%
889,Blackburn,0.01%,-63,+960,+2.5%
890,Dunlap,0.01%,-70,+547,+1.4%
891,Gould,0.01%,-55,"+1,264",+3.4%
892,Duffy,0.01%,-65,+873,+2.3%
893,Vaughan,0.01%,-56,"+1,239",+3.3%
894,Herring,0.01%,-53,"+1,380",+3.7%
895,McKay,0.01%,-42,"+1,733",+4.7%
896,Espinosa,0.01%,+151,"+8,129",+26.6%
897,Rivers,0.01%,-18,"+2,682",+7.5%
898,Farley,0.01%,-49,"+1,412",+3.8%
899,Bernard,0.01%,-35,"+1,966",+5.4%
900,Ashley,0.01%,-48,"+1,478",+4.0%
901,Friedman,0.01%,-44,"+1,541",+4.2%
902,Potts,0.01%,-70,+590,+1.6%
903,Truong,0.01%,+254,"+10,459",+37.6%
904,Costa,0.01%,-4,"+3,038",+8.6%
905,Correa,0.01%,+204,"+9,322",+32.2%
906,Blevins,0.01%,-50,"+1,388",+3.8%
907,Nixon,0.01%,-30,"+2,110",+5.9%
908,Clements,0.01%,-65,+807,+2.2%
909,Fry,0.01%,-71,+487,+1.3%
910,Delarosa,0.01%,+227,"+9,798",+34.8%
911,Best,0.01%,-56,"+1,061",+2.9%
912,Benton,0.01%,-61,+880,+2.4%
913,Lugo,0.01%,+179,"+8,575",+29.2%
914,Portillo,0.01%,+439,"+13,882",+57.8%
915,Dougherty,0.01%,-86,-19,-0.10%
916,Crane,0.01%,-68,+747,+2.0%
917,Haley,0.01%,-48,"+1,425",+3.9%
918,Phan,0.01%,+275,"+10,933",+40.6%
919,Villalobos,0.01%,+269,"+10,647",+39.3%
920,Blanchard,0.01%,-60,+931,+2.5%
921,Horne,0.01%,-48,"+1,401",+3.9%
922,Finley,0.01%,-68,+798,+2.2%
923,Quintana,0.01%,+150,"+7,902",+26.6%
924,Lynn,0.01%,-77,+519,+1.4%
925,Esquivel,0.01%,+295,"+11,277",+42.9%
926,Bean,0.01%,-80,+426,+1.1%
927,Dodson,0.01%,-85,+268,+0.7%
928,Mullen,0.01%,-61,"+1,060",+2.9%
929,Xiong,0.01%,+290,"+11,163",+42.4%
930,Hayden,0.01%,-52,"+1,427",+4.0%
931,Cano,0.01%,+254,"+10,189",+37.5%
932,Levy,0.01%,-40,"+1,764",+5.0%
933,Huber,0.01%,-72,+441,+1.2%
934,Richmond,0.01%,-52,"+1,338",+3.7%
935,Moyer,0.01%,-64,+629,+1.7%
936,Lim,0.01%,+234,"+9,588",+35.0%
937,Frye,0.01%,-75,+257,+0.7%
938,Sheppard,0.01%,-49,"+1,406",+4.0%
939,McCarty,0.01%,-58,"+1,226",+3.4%
940,Avalos,0.01%,+306,"+11,047",+42.7%
941,Booker,0.01%,-39,"+1,739",+5.0%
942,Waller,0.01%,-38,"+1,804",+5.2%
943,Parra,0.01%,+260,"+10,111",+37.9%
944,Woodward,0.01%,-69,+522,+1.4%
945,Jaramillo,0.01%,+199,"+8,731",+31.2%
946,Krueger,0.01%,-83,+49,+0.1%
947,Rasmussen,0.01%,-54,"+1,183",+3.3%
948,Brandt,0.01%,-63,+997,+2.8%
949,Peralta,0.01%,+356,"+11,872",+48.0%
950,Donaldson,0.01%,-53,"+1,171",+3.3%
951,Stuart,0.01%,-68,+839,+2.4%
952,Faulkner,0.01%,-56,"+1,077",+3.0%
953,Maynard,0.01%,-69,+812,+2.3%
954,Galindo,0.01%,+245,"+9,699",+36.3%
955,Coffey,0.01%,-61,+981,+2.8%
956,Estes,0.01%,-76,+479,+1.3%
957,Sanford,0.01%,-69,+747,+2.1%
958,Burch,0.01%,-67,+748,+2.1%
959,Maddox,0.01%,-53,"+1,280",+3.7%
960,Vo,0.01%,+336,"+11,280",+45.2%
961,Oconnell,0.01%,-75,+584,+1.6%
962,Vu,0.01%,+285,"+10,351",+40.1%
963,Andersen,0.01%,-9,"+2,642",+7.9%
964,Spence,0.01%,-36,"+1,694",+4.9%
965,McPherson,0.01%,-52,"+1,362",+3.9%
966,Church,0.01%,-76,+533,+1.5%
967,Schmitt,0.01%,-69,+717,+2.0%
968,Stanton,0.01%,-59,"+1,185",+3.4%
969,Leal,0.01%,+164,"+7,710",+27.3%
970,Cherry,0.01%,-48,"+1,262",+3.6%
971,Compton,0.01%,-61,"+1,042",+3.0%
972,Dudley,0.01%,-60,"+1,011",+2.9%
973,Sierra,0.01%,+254,"+9,589",+36.6%
974,Pollard,0.01%,-37,"+1,670",+4.9%
975,Alfaro,0.01%,+371,"+11,617",+48.2%
976,Hester,0.01%,-57,+967,+2.8%
977,Proctor,0.01%,-59,+954,+2.8%
978,Lu,0.01%,+446,"+12,651",+55.1%
979,Hinton,0.01%,-17,"+2,397",+7.2%
980,Novak,0.01%,-81,+179,+0.5%
981,Good,0.01%,-52,"+1,016",+3.0%
982,Madden,0.01%,-56,+966,+2.8%
983,McCann,0.01%,-67,+716,+2.1%
983,Terrell,0.01%,-37,"+1,494",+4.4%
985,Jarvis,0.01%,-46,"+1,300",+3.8%
986,Dickson,0.01%,-71,+614,+1.8%
987,Reyna,0.01%,+194,"+8,076",+29.7%
988,Cantrell,0.01%,-68,+592,+1.7%
989,Mayo,0.01%,-24,"+2,102",+6.3%
990,Branch,0.01%,-23,"+2,185",+6.6%
991,Hendrix,0.01%,-50,"+1,162",+3.4%
992,Rollins,0.01%,-43,"+1,335",+4.0%
993,Rowland,0.01%,-68,+623,+1.8%
994,Whitney,0.01%,-60,+867,+2.5%
995,Duke,0.01%,-43,"+1,308",+3.9%
996,Odom,0.01%,-43,"+1,303",+3.9%
997,Daugherty,0.01%,-76,+337,+1.0%
998,Travis,0.01%,-38,"+1,646",+4.9%
999,Tang,0.01%,+270,"+9,515",+37.4%
1000,Archer,0.01%,-42,"+1,538",+4.6%
